monat;monat_name;wochentag_nr;wochentag_name;stunde;anzahl;ankunfts_wahrscheinlichkeit;consumption_wahrscheinlichkeit_kwh;;;;;;
1;Januar;0;Montag;0;0;0;0;;;;;;
1;Januar;0;Montag;1;0;0;0;;;;;;
1;Januar;0;Montag;2;0;0;0;;;;;;
1;Januar;0;Montag;3;0;0;0;;;;;;
1;Januar;0;Montag;4;0;0;0;;;;;;
1;Januar;0;Montag;5;0;0;0;;;;;;
1;Januar;0;Montag;6;0;0;0;;;;;;
1;Januar;0;Montag;7;3;0,6;18,422;;;;;;
1;Januar;0;Montag;8;2;0,4;33,3195;;;;;;
1;Januar;0;Montag;9;0;0;0;;;;;;
1;Januar;0;Montag;10;1;0,2;52,061;;;;;;
1;Januar;0;Montag;11;2;0,4;14,37;;;;;;
1;Januar;0;Montag;12;2;0,4;22,59;;;;;;
1;Januar;0;Montag;13;4;0,8;35,21075;;;;;;
1;Januar;0;Montag;14;2;0,4;30,529;;;;;;
1;Januar;0;Montag;15;2;0,4;22,8485;;;;;;
1;Januar;0;Montag;16;3;0,6;27,58233333;;;;;;
1;Januar;0;Montag;17;2;0,4;33,9345;;;;;;
1;Januar;0;Montag;18;3;0,6;15,61966667;;;;;;
1;Januar;0;Montag;19;1;0,2;10,227;;;;;;
1;Januar;0;Montag;20;1;0,2;57,224;;;;;;
1;Januar;0;Montag;21;1;0,2;60,279;;;;;;
1;Januar;0;Montag;22;0;0;0;;;;;;
1;Januar;0;Montag;23;0;0;0;;;;;;
1;Januar;1;Dienstag;0;0;0;0;;;;;;
1;Januar;1;Dienstag;1;0;0;0;;;;;;
1;Januar;1;Dienstag;2;0;0;0;;;;;;
1;Januar;1;Dienstag;3;0;0;0;;;;;;
1;Januar;1;Dienstag;4;0;0;0;;;;;;
1;Januar;1;Dienstag;5;0;0;0;;;;;;
1;Januar;1;Dienstag;6;0;0;0;;;;;;
1;Januar;1;Dienstag;7;2;0,4;53,492;;;;;;
1;Januar;1;Dienstag;8;0;0;0;;;;;;
1;Januar;1;Dienstag;9;0;0;0;;;;;;
1;Januar;1;Dienstag;10;1;0,2;24,368;;;;;;
1;Januar;1;Dienstag;11;4;0,8;34,898;;;;;;
1;Januar;1;Dienstag;12;1;0,2;57,418;;;;;;
1;Januar;1;Dienstag;13;5;1;45,4644;;;;;;
1;Januar;1;Dienstag;14;0;0;0;;;;;;
1;Januar;1;Dienstag;15;2;0,4;10,827;;;;;;
1;Januar;1;Dienstag;16;2;0,4;31,707;;;;;;
1;Januar;1;Dienstag;17;4;0,8;30,7545;;;;;;
1;Januar;1;Dienstag;18;2;0,4;20,0785;;;;;;
1;Januar;1;Dienstag;19;4;0,8;28,8745;;;;;;
1;Januar;1;Dienstag;20;1;0,2;68,522;;;;;;
1;Januar;1;Dienstag;21;0;0;0;;;;;;
1;Januar;1;Dienstag;22;2;0,4;50,6885;;;;;;
1;Januar;1;Dienstag;23;1;0,2;41,681;;;;;;
1;Januar;2;Mittwoch;0;1;0,2;21,498;;;;;;
1;Januar;2;Mittwoch;1;0;0;0;;;;;;
1;Januar;2;Mittwoch;2;0;0;0;;;;;;
1;Januar;2;Mittwoch;3;0;0;0;;;;;;
1;Januar;2;Mittwoch;4;0;0;0;;;;;;
1;Januar;2;Mittwoch;5;0;0;0;;;;;;
1;Januar;2;Mittwoch;6;1;0,2;43,139;;;;;;
1;Januar;2;Mittwoch;7;3;0,6;20,98766667;;;;;;
1;Januar;2;Mittwoch;8;1;0,2;50,475;;;;;;
1;Januar;2;Mittwoch;9;1;0,2;6,525;;;;;;
1;Januar;2;Mittwoch;10;0;0;0;;;;;;
1;Januar;2;Mittwoch;11;4;0,8;10,25425;;;;;;
1;Januar;2;Mittwoch;12;3;0,6;31,683;;;;;;
1;Januar;2;Mittwoch;13;1;0,2;6,592;;;;;;
1;Januar;2;Mittwoch;14;1;0,2;11,826;;;;;;
1;Januar;2;Mittwoch;15;6;1,2;33,521;;;;;;
1;Januar;2;Mittwoch;16;2;0,4;14,315;;;;;;
1;Januar;2;Mittwoch;17;3;0,6;39,729;;;;;;
1;Januar;2;Mittwoch;18;2;0,4;17,0105;;;;;;
1;Januar;2;Mittwoch;19;9;1,8;26,29622222;;;;;;
1;Januar;2;Mittwoch;20;2;0,4;40,266;;;;;;
1;Januar;2;Mittwoch;21;1;0,2;49,93;;;;;;
1;Januar;2;Mittwoch;22;1;0,2;54,754;;;;;;
1;Januar;2;Mittwoch;23;0;0;0;;;;;;
1;Januar;3;Donnerstag;0;0;0;0;;;;;;
1;Januar;3;Donnerstag;1;0;0;0;;;;;;
1;Januar;3;Donnerstag;2;0;0;0;;;;;;
1;Januar;3;Donnerstag;3;0;0;0;;;;;;
1;Januar;3;Donnerstag;4;0;0;0;;;;;;
1;Januar;3;Donnerstag;5;0;0;0;;;;;;
1;Januar;3;Donnerstag;6;0;0;0;;;;;;
1;Januar;3;Donnerstag;7;2;0,4;38,0355;;;;;;
1;Januar;3;Donnerstag;8;2;0,4;42,918;;;;;;
1;Januar;3;Donnerstag;9;2;0,4;47,315;;;;;;
1;Januar;3;Donnerstag;10;0;0;0;;;;;;
1;Januar;3;Donnerstag;11;3;0,6;24,98033333;;;;;;
1;Januar;3;Donnerstag;12;2;0,4;7,7905;;;;;;
1;Januar;3;Donnerstag;13;6;1,2;27,4285;;;;;;
1;Januar;3;Donnerstag;14;0;0;0;;;;;;
1;Januar;3;Donnerstag;15;4;0,8;24,27525;;;;;;
1;Januar;3;Donnerstag;16;1;0,2;35,231;;;;;;
1;Januar;3;Donnerstag;17;3;0,6;52,34533333;;;;;;
1;Januar;3;Donnerstag;18;1;0,2;42,636;;;;;;
1;Januar;3;Donnerstag;19;1;0,2;45,669;;;;;;
1;Januar;3;Donnerstag;20;1;0,2;30,916;;;;;;
1;Januar;3;Donnerstag;21;1;0,2;56,445;;;;;;
1;Januar;3;Donnerstag;22;0;0;0;;;;;;
1;Januar;3;Donnerstag;23;0;0;0;;;;;;
1;Januar;4;Freitag;0;0;0;0;;;;;;
1;Januar;4;Freitag;1;0;0;0;;;;;;
1;Januar;4;Freitag;2;0;0;0;;;;;;
1;Januar;4;Freitag;3;0;0;0;;;;;;
1;Januar;4;Freitag;4;0;0;0;;;;;;
1;Januar;4;Freitag;5;0;0;0;;;;;;
1;Januar;4;Freitag;6;2;0,4;23,393;;;;;;
1;Januar;4;Freitag;7;3;0,6;9,691333333;;;;;;
1;Januar;4;Freitag;8;0;0;0;;;;;;
1;Januar;4;Freitag;9;2;0,4;22,9915;;;;;;
1;Januar;4;Freitag;10;1;0,2;9,119;;;;;;
1;Januar;4;Freitag;11;2;0,4;25,535;;;;;;
1;Januar;4;Freitag;12;3;0,6;40,448;;;;;;
1;Januar;4;Freitag;13;3;0,6;37,88766667;;;;;;
1;Januar;4;Freitag;14;3;0,6;25,91833333;;;;;;
1;Januar;4;Freitag;15;4;0,8;26,67175;;;;;;
1;Januar;4;Freitag;16;7;1,4;19,97085714;;;;;;
1;Januar;4;Freitag;17;8;1,6;17,897625;;;;;;
1;Januar;4;Freitag;18;3;0,6;41,88433333;;;;;;
1;Januar;4;Freitag;19;1;0,2;2,063;;;;;;
1;Januar;4;Freitag;20;2;0,4;69,503;;;;;;
1;Januar;4;Freitag;21;1;0,2;31,378;;;;;;
1;Januar;4;Freitag;22;1;0,2;17,476;;;;;;
1;Januar;4;Freitag;23;3;0,6;38,52033333;;;;;;
1;Januar;5;Samstag;0;0;0;0;;;;;;
1;Januar;5;Samstag;1;0;0;0;;;;;;
1;Januar;5;Samstag;2;0;0;0;;;;;;
1;Januar;5;Samstag;3;0;0;0;;;;;;
1;Januar;5;Samstag;4;0;0;0;;;;;;
1;Januar;5;Samstag;5;0;0;0;;;;;;
1;Januar;5;Samstag;6;0;0;0;;;;;;
1;Januar;5;Samstag;7;2;0,4;0;;;;;;
1;Januar;5;Samstag;8;3;0,6;32,637;;;;;;
1;Januar;5;Samstag;9;2;0,4;22,5015;;;;;;
1;Januar;5;Samstag;10;4;0,8;13,00975;;;;;;
1;Januar;5;Samstag;11;6;1,2;23,07116667;;;;;;
1;Januar;5;Samstag;12;2;0,4;53,8685;;;;;;
1;Januar;5;Samstag;13;4;0,8;10,56775;;;;;;
1;Januar;5;Samstag;14;4;0,8;28,609;;;;;;
1;Januar;5;Samstag;15;3;0,6;42,54066667;;;;;;
1;Januar;5;Samstag;16;5;1;40,7092;;;;;;
1;Januar;5;Samstag;17;3;0,6;26,19933333;;;;;;
1;Januar;5;Samstag;18;6;1,2;10,818;;;;;;
1;Januar;5;Samstag;19;4;0,8;38,483;;;;;;
1;Januar;5;Samstag;20;3;0,6;26,37766667;;;;;;
1;Januar;5;Samstag;21;1;0,2;55,764;;;;;;
1;Januar;5;Samstag;22;0;0;0;;;;;;
1;Januar;5;Samstag;23;2;0,4;4,8935;;;;;;
1;Januar;6;Sonntag;0;0;0;0;;;;;;
1;Januar;6;Sonntag;1;0;0;0;;;;;;
1;Januar;6;Sonntag;2;0;0;0;;;;;;
1;Januar;6;Sonntag;3;0;0;0;;;;;;
1;Januar;6;Sonntag;4;0;0;0;;;;;;
1;Januar;6;Sonntag;5;0;0;0;;;;;;
1;Januar;6;Sonntag;6;0;0;0;;;;;;
1;Januar;6;Sonntag;7;0;0;0;;;;;;
1;Januar;6;Sonntag;8;0;0;0;;;;;;
1;Januar;6;Sonntag;9;1;0,2;27,74;;;;;;
1;Januar;6;Sonntag;10;1;0,2;34,464;;;;;;
1;Januar;6;Sonntag;11;4;0,8;29,22725;;;;;;
1;Januar;6;Sonntag;12;1;0,2;21,521;;;;;;
1;Januar;6;Sonntag;13;2;0,4;35,1465;;;;;;
1;Januar;6;Sonntag;14;2;0,4;9,957;;;;;;
1;Januar;6;Sonntag;15;1;0,2;49,819;;;;;;
1;Januar;6;Sonntag;16;3;0,6;32,77466667;;;;;;
1;Januar;6;Sonntag;17;3;0,6;44,378;;;;;;
1;Januar;6;Sonntag;18;5;1;20,6432;;;;;;
1;Januar;6;Sonntag;19;0;0;0;;;;;;
1;Januar;6;Sonntag;20;1;0,2;40,596;;;;;;
1;Januar;6;Sonntag;21;1;0,2;40,285;;;;;;
1;Januar;6;Sonntag;22;1;0,2;10,05;;;;;;
1;Januar;6;Sonntag;23;1;0,2;10,056;;;;;;
2;Februar;0;Montag;0;0;0;0;;;;;;
2;Februar;0;Montag;1;0;0;0;;;;;;
2;Februar;0;Montag;2;0;0;0;;;;;;
2;Februar;0;Montag;3;0;0;0;;;;;;
2;Februar;0;Montag;4;0;0;0;;;;;;
2;Februar;0;Montag;5;0;0;0;;;;;;
2;Februar;0;Montag;6;1;0,2;0;;;;;;
2;Februar;0;Montag;7;6;1,2;32,26283333;;;;;;
2;Februar;0;Montag;8;1;0,2;49,859;;;;;;
2;Februar;0;Montag;9;2;0,4;14,7175;;;;;;
2;Februar;0;Montag;10;0;0;0;;;;;;
2;Februar;0;Montag;11;5;1;12,3798;;;;;;
2;Februar;0;Montag;12;6;1,2;14,40116667;;;;;;
2;Februar;0;Montag;13;5;1;13,7946;;;;;;
2;Februar;0;Montag;14;1;0,2;46,719;;;;;;
2;Februar;0;Montag;15;2;0,4;46,573;;;;;;
2;Februar;0;Montag;16;4;0,8;23,4855;;;;;;
2;Februar;0;Montag;17;4;0,8;10,9865;;;;;;
2;Februar;0;Montag;18;2;0,4;23,684;;;;;;
2;Februar;0;Montag;19;3;0,6;7,841333333;;;;;;
2;Februar;0;Montag;20;3;0,6;37,492;;;;;;
2;Februar;0;Montag;21;0;0;0;;;;;;
2;Februar;0;Montag;22;0;0;0;;;;;;
2;Februar;0;Montag;23;0;0;0;;;;;;
2;Februar;1;Dienstag;0;0;0;0;;;;;;
2;Februar;1;Dienstag;1;0;0;0;;;;;;
2;Februar;1;Dienstag;2;0;0;0;;;;;;
2;Februar;1;Dienstag;3;0;0;0;;;;;;
2;Februar;1;Dienstag;4;0;0;0;;;;;;
2;Februar;1;Dienstag;5;0;0;0;;;;;;
2;Februar;1;Dienstag;6;1;0,2;50,072;;;;;;
2;Februar;1;Dienstag;7;1;0,2;47,608;;;;;;
2;Februar;1;Dienstag;8;1;0,2;0;;;;;;
2;Februar;1;Dienstag;9;3;0,6;25,24933333;;;;;;
2;Februar;1;Dienstag;10;3;0,6;6,833666667;;;;;;
2;Februar;1;Dienstag;11;1;0,2;14,179;;;;;;
2;Februar;1;Dienstag;12;7;1,4;11,58385714;;;;;;
2;Februar;1;Dienstag;13;0;0;0;;;;;;
2;Februar;1;Dienstag;14;1;0,2;34,772;;;;;;
2;Februar;1;Dienstag;15;2;0,4;31,018;;;;;;
2;Februar;1;Dienstag;16;1;0,2;0;;;;;;
2;Februar;1;Dienstag;17;2;0,4;12,014;;;;;;
2;Februar;1;Dienstag;18;2;0,4;32,7585;;;;;;
2;Februar;1;Dienstag;19;1;0,2;7,546;;;;;;
2;Februar;1;Dienstag;20;0;0;0;;;;;;
2;Februar;1;Dienstag;21;0;0;0;;;;;;
2;Februar;1;Dienstag;22;1;0,2;57,3;;;;;;
2;Februar;1;Dienstag;23;0;0;0;;;;;;
2;Februar;2;Mittwoch;0;0;0;0;;;;;;
2;Februar;2;Mittwoch;1;0;0;0;;;;;;
2;Februar;2;Mittwoch;2;0;0;0;;;;;;
2;Februar;2;Mittwoch;3;0;0;0;;;;;;
2;Februar;2;Mittwoch;4;0;0;0;;;;;;
2;Februar;2;Mittwoch;5;0;0;0;;;;;;
2;Februar;2;Mittwoch;6;0;0;0;;;;;;
2;Februar;2;Mittwoch;7;5;1;34,2594;;;;;;
2;Februar;2;Mittwoch;8;1;0,2;14,367;;;;;;
2;Februar;2;Mittwoch;9;1;0,2;29,358;;;;;;
2;Februar;2;Mittwoch;10;2;0,4;18,553;;;;;;
2;Februar;2;Mittwoch;11;6;1,2;18,41183333;;;;;;
2;Februar;2;Mittwoch;12;6;1,2;20,28283333;;;;;;
2;Februar;2;Mittwoch;13;1;0,2;12,12;;;;;;
2;Februar;2;Mittwoch;14;1;0,2;0;;;;;;
2;Februar;2;Mittwoch;15;9;1,8;15,10333333;;;;;;
2;Februar;2;Mittwoch;16;1;0,2;41,499;;;;;;
2;Februar;2;Mittwoch;17;4;0,8;16,93275;;;;;;
2;Februar;2;Mittwoch;18;5;1;17,4274;;;;;;
2;Februar;2;Mittwoch;19;2;0,4;2,855;;;;;;
2;Februar;2;Mittwoch;20;1;0,2;0;;;;;;
2;Februar;2;Mittwoch;21;4;0,8;1,64725;;;;;;
2;Februar;2;Mittwoch;22;1;0,2;34,041;;;;;;
2;Februar;2;Mittwoch;23;2;0,4;0,32;;;;;;
2;Februar;3;Donnerstag;0;0;0;0;;;;;;
2;Februar;3;Donnerstag;1;0;0;0;;;;;;
2;Februar;3;Donnerstag;2;0;0;0;;;;;;
2;Februar;3;Donnerstag;3;0;0;0;;;;;;
2;Februar;3;Donnerstag;4;0;0;0;;;;;;
2;Februar;3;Donnerstag;5;0;0;0;;;;;;
2;Februar;3;Donnerstag;6;0;0;0;;;;;;
2;Februar;3;Donnerstag;7;5;1;36,957;;;;;;
2;Februar;3;Donnerstag;8;2;0,4;28,9525;;;;;;
2;Februar;3;Donnerstag;9;1;0,2;21,143;;;;;;
2;Februar;3;Donnerstag;10;1;0,2;38,449;;;;;;
2;Februar;3;Donnerstag;11;3;0,6;19,106;;;;;;
2;Februar;3;Donnerstag;12;2;0,4;21,344;;;;;;
2;Februar;3;Donnerstag;13;1;0,2;5,608;;;;;;
2;Februar;3;Donnerstag;14;1;0,2;39,423;;;;;;
2;Februar;3;Donnerstag;15;2;0,4;17,2645;;;;;;
2;Februar;3;Donnerstag;16;1;0,2;0;;;;;;
2;Februar;3;Donnerstag;17;1;0,2;71,906;;;;;;
2;Februar;3;Donnerstag;18;4;0,8;14,628;;;;;;
2;Februar;3;Donnerstag;19;1;0,2;4,4;;;;;;
2;Februar;3;Donnerstag;20;1;0,2;10,792;;;;;;
2;Februar;3;Donnerstag;21;2;0,4;17,3965;;;;;;
2;Februar;3;Donnerstag;22;1;0,2;8,014;;;;;;
2;Februar;3;Donnerstag;23;1;0,2;58,038;;;;;;
2;Februar;4;Freitag;0;0;0;0;;;;;;
2;Februar;4;Freitag;1;0;0;0;;;;;;
2;Februar;4;Freitag;2;0;0;0;;;;;;
2;Februar;4;Freitag;3;0;0;0;;;;;;
2;Februar;4;Freitag;4;0;0;0;;;;;;
2;Februar;4;Freitag;5;0;0;0;;;;;;
2;Februar;4;Freitag;6;0;0;0;;;;;;
2;Februar;4;Freitag;7;1;0,2;44,355;;;;;;
2;Februar;4;Freitag;8;5;1;5,3372;;;;;;
2;Februar;4;Freitag;9;1;0,2;7,117;;;;;;
2;Februar;4;Freitag;10;4;0,8;22,688;;;;;;
2;Februar;4;Freitag;11;0;0;0;;;;;;
2;Februar;4;Freitag;12;3;0,6;20,01733333;;;;;;
2;Februar;4;Freitag;13;4;0,8;36,2005;;;;;;
2;Februar;4;Freitag;14;0;0;0;;;;;;
2;Februar;4;Freitag;15;1;0,2;0,636;;;;;;
2;Februar;4;Freitag;16;5;1;25,6728;;;;;;
2;Februar;4;Freitag;17;1;0,2;59,898;;;;;;
2;Februar;4;Freitag;18;6;1,2;14,3115;;;;;;
2;Februar;4;Freitag;19;4;0,8;17,25175;;;;;;
2;Februar;4;Freitag;20;1;0,2;23,27;;;;;;
2;Februar;4;Freitag;21;0;0;0;;;;;;
2;Februar;4;Freitag;22;0;0;0;;;;;;
2;Februar;4;Freitag;23;0;0;0;;;;;;
2;Februar;5;Samstag;0;0;0;0;;;;;;
2;Februar;5;Samstag;1;0;0;0;;;;;;
2;Februar;5;Samstag;2;0;0;0;;;;;;
2;Februar;5;Samstag;3;0;0;0;;;;;;
2;Februar;5;Samstag;4;2;0,4;0,1965;;;;;;
2;Februar;5;Samstag;5;0;0;0;;;;;;
2;Februar;5;Samstag;6;0;0;0;;;;;;
2;Februar;5;Samstag;7;0;0;0;;;;;;
2;Februar;5;Samstag;8;0;0;0;;;;;;
2;Februar;5;Samstag;9;2;0,4;9,296;;;;;;
2;Februar;5;Samstag;10;6;1,2;16,2525;;;;;;
2;Februar;5;Samstag;11;1;0,2;0;;;;;;
2;Februar;5;Samstag;12;5;1;8,1052;;;;;;
2;Februar;5;Samstag;13;6;1,2;12,11066667;;;;;;
2;Februar;5;Samstag;14;2;0,4;15,647;;;;;;
2;Februar;5;Samstag;15;2;0,4;35,962;;;;;;
2;Februar;5;Samstag;16;3;0,6;19,60533333;;;;;;
2;Februar;5;Samstag;17;1;0,2;64,671;;;;;;
2;Februar;5;Samstag;18;0;0;0;;;;;;
2;Februar;5;Samstag;19;0;0;0;;;;;;
2;Februar;5;Samstag;20;0;0;0;;;;;;
2;Februar;5;Samstag;21;0;0;0;;;;;;
2;Februar;5;Samstag;22;0;0;0;;;;;;
2;Februar;5;Samstag;23;0;0;0;;;;;;
2;Februar;6;Sonntag;0;0;0;0;;;;;;
2;Februar;6;Sonntag;1;0;0;0;;;;;;
2;Februar;6;Sonntag;2;0;0;0;;;;;;
2;Februar;6;Sonntag;3;0;0;0;;;;;;
2;Februar;6;Sonntag;4;0;0;0;;;;;;
2;Februar;6;Sonntag;5;0;0;0;;;;;;
2;Februar;6;Sonntag;6;0;0;0;;;;;;
2;Februar;6;Sonntag;7;0;0;0;;;;;;
2;Februar;6;Sonntag;8;3;0,6;13,91933333;;;;;;
2;Februar;6;Sonntag;9;3;0,6;8,053;;;;;;
2;Februar;6;Sonntag;10;1;0,2;58,59;;;;;;
2;Februar;6;Sonntag;11;2;0,4;11,0635;;;;;;
2;Februar;6;Sonntag;12;3;0,6;21,07;;;;;;
2;Februar;6;Sonntag;13;1;0,2;46,072;;;;;;
2;Februar;6;Sonntag;14;1;0,2;68,686;;;;;;
2;Februar;6;Sonntag;15;6;1,2;14,86766667;;;;;;
2;Februar;6;Sonntag;16;5;1;20,2836;;;;;;
2;Februar;6;Sonntag;17;1;0,2;18,359;;;;;;
2;Februar;6;Sonntag;18;1;0,2;21,397;;;;;;
2;Februar;6;Sonntag;19;1;0,2;0;;;;;;
2;Februar;6;Sonntag;20;2;0,4;12,9325;;;;;;
2;Februar;6;Sonntag;21;0;0;0;;;;;;
2;Februar;6;Sonntag;22;0;0;0;;;;;;
2;Februar;6;Sonntag;23;1;0,2;55,234;;;;;;
3;März;0;Montag;0;1;0,166666667;28,305;;;;;;
3;März;0;Montag;1;0;0;0;;;;;;
3;März;0;Montag;2;0;0;0;;;;;;
3;März;0;Montag;3;0;0;0;;;;;;
3;März;0;Montag;4;0;0;0;;;;;;
3;März;0;Montag;5;1;0,166666667;44,234;;;;;;
3;März;0;Montag;6;0;0;0;;;;;;
3;März;0;Montag;7;2;0,333333333;37,905;;;;;;
3;März;0;Montag;8;2;0,333333333;38,813;;;;;;
3;März;0;Montag;9;3;0,5;22,442;;;;;;
3;März;0;Montag;10;2;0,333333333;12,6175;;;;;;
3;März;0;Montag;11;3;0,5;15,722;;;;;;
3;März;0;Montag;12;6;1;24,00916667;;;;;;
3;März;0;Montag;13;0;0;0;;;;;;
3;März;0;Montag;14;3;0,5;34,556;;;;;;
3;März;0;Montag;15;1;0,166666667;32,506;;;;;;
3;März;0;Montag;16;2;0,333333333;40,4385;;;;;;
3;März;0;Montag;17;2;0,333333333;31,122;;;;;;
3;März;0;Montag;18;1;0,166666667;59,82;;;;;;
3;März;0;Montag;19;1;0,166666667;19,385;;;;;;
3;März;0;Montag;20;2;0,333333333;55,653;;;;;;
3;März;0;Montag;21;0;0;0;;;;;;
3;März;0;Montag;22;0;0;0;;;;;;
3;März;0;Montag;23;0;0;0;;;;;;
3;März;1;Dienstag;0;0;0;0;;;;;;
3;März;1;Dienstag;1;0;0;0;;;;;;
3;März;1;Dienstag;2;0;0;0;;;;;;
3;März;1;Dienstag;3;0;0;0;;;;;;
3;März;1;Dienstag;4;0;0;0;;;;;;
3;März;1;Dienstag;5;1;0,166666667;39,594;;;;;;
3;März;1;Dienstag;6;0;0;0;;;;;;
3;März;1;Dienstag;7;3;0,5;10,87133333;;;;;;
3;März;1;Dienstag;8;4;0,666666667;24,81225;;;;;;
3;März;1;Dienstag;9;2;0,333333333;24,4115;;;;;;
3;März;1;Dienstag;10;0;0;0;;;;;;
3;März;1;Dienstag;11;2;0,333333333;25,0095;;;;;;
3;März;1;Dienstag;12;0;0;0;;;;;;
3;März;1;Dienstag;13;1;0,166666667;15,499;;;;;;
3;März;1;Dienstag;14;2;0,333333333;13,7215;;;;;;
3;März;1;Dienstag;15;2;0,333333333;29,314;;;;;;
3;März;1;Dienstag;16;2;0,333333333;25,7735;;;;;;
3;März;1;Dienstag;17;5;0,833333333;23,9956;;;;;;
3;März;1;Dienstag;18;7;1,166666667;29,65771429;;;;;;
3;März;1;Dienstag;19;1;0,166666667;39,942;;;;;;
3;März;1;Dienstag;20;0;0;0;;;;;;
3;März;1;Dienstag;21;2;0,333333333;39,808;;;;;;
3;März;1;Dienstag;22;0;0;0;;;;;;
3;März;1;Dienstag;23;0;0;0;;;;;;
3;März;2;Mittwoch;0;0;0;0;;;;;;
3;März;2;Mittwoch;1;0;0;0;;;;;;
3;März;2;Mittwoch;2;0;0;0;;;;;;
3;März;2;Mittwoch;3;0;0;0;;;;;;
3;März;2;Mittwoch;4;0;0;0;;;;;;
3;März;2;Mittwoch;5;1;0,166666667;35,106;;;;;;
3;März;2;Mittwoch;6;1;0,166666667;17,569;;;;;;
3;März;2;Mittwoch;7;4;0,666666667;45,9845;;;;;;
3;März;2;Mittwoch;8;1;0,166666667;0;;;;;;
3;März;2;Mittwoch;9;0;0;0;;;;;;
3;März;2;Mittwoch;10;1;0,166666667;23,025;;;;;;
3;März;2;Mittwoch;11;5;0,833333333;18,1656;;;;;;
3;März;2;Mittwoch;12;3;0,5;20,68433333;;;;;;
3;März;2;Mittwoch;13;0;0;0;;;;;;
3;März;2;Mittwoch;14;0;0;0;;;;;;
3;März;2;Mittwoch;15;2;0,333333333;33,4265;;;;;;
3;März;2;Mittwoch;16;1;0,166666667;25,942;;;;;;
3;März;2;Mittwoch;17;3;0,5;14,66466667;;;;;;
3;März;2;Mittwoch;18;4;0,666666667;27,59;;;;;;
3;März;2;Mittwoch;19;1;0,166666667;29,118;;;;;;
3;März;2;Mittwoch;20;1;0,166666667;27,149;;;;;;
3;März;2;Mittwoch;21;0;0;0;;;;;;
3;März;2;Mittwoch;22;0;0;0;;;;;;
3;März;2;Mittwoch;23;0;0;0;;;;;;
3;März;3;Donnerstag;0;1;0,166666667;29,152;;;;;;
3;März;3;Donnerstag;1;0;0;0;;;;;;
3;März;3;Donnerstag;2;0;0;0;;;;;;
3;März;3;Donnerstag;3;0;0;0;;;;;;
3;März;3;Donnerstag;4;0;0;0;;;;;;
3;März;3;Donnerstag;5;0;0;0;;;;;;
3;März;3;Donnerstag;6;1;0,166666667;50,122;;;;;;
3;März;3;Donnerstag;7;2;0,333333333;55,7775;;;;;;
3;März;3;Donnerstag;8;1;0,166666667;53,962;;;;;;
3;März;3;Donnerstag;9;1;0,166666667;25,856;;;;;;
3;März;3;Donnerstag;10;1;0,166666667;10,271;;;;;;
3;März;3;Donnerstag;11;3;0,5;6,810333333;;;;;;
3;März;3;Donnerstag;12;2;0,333333333;38,2745;;;;;;
3;März;3;Donnerstag;13;3;0,5;34,857;;;;;;
3;März;3;Donnerstag;14;5;0,833333333;19,6838;;;;;;
3;März;3;Donnerstag;15;6;1;13,76316667;;;;;;
3;März;3;Donnerstag;16;6;1;26,12916667;;;;;;
3;März;3;Donnerstag;17;2;0,333333333;19,9115;;;;;;
3;März;3;Donnerstag;18;4;0,666666667;17,7975;;;;;;
3;März;3;Donnerstag;19;7;1,166666667;28,24342857;;;;;;
3;März;3;Donnerstag;20;1;0,166666667;16,657;;;;;;
3;März;3;Donnerstag;21;1;0,166666667;9,41;;;;;;
3;März;3;Donnerstag;22;2;0,333333333;8,2755;;;;;;
3;März;3;Donnerstag;23;0;0;0;;;;;;
3;März;4;Freitag;0;1;0,166666667;28,456;;;;;;
3;März;4;Freitag;1;0;0;0;;;;;;
3;März;4;Freitag;2;0;0;0;;;;;;
3;März;4;Freitag;3;0;0;0;;;;;;
3;März;4;Freitag;4;0;0;0;;;;;;
3;März;4;Freitag;5;1;0,166666667;30,548;;;;;;
3;März;4;Freitag;6;0;0;0;;;;;;
3;März;4;Freitag;7;4;0,666666667;31,00075;;;;;;
3;März;4;Freitag;8;2;0,333333333;51,029;;;;;;
3;März;4;Freitag;9;2;0,333333333;25,804;;;;;;
3;März;4;Freitag;10;0;0;0;;;;;;
3;März;4;Freitag;11;1;0,166666667;0;;;;;;
3;März;4;Freitag;12;2;0,333333333;22,398;;;;;;
3;März;4;Freitag;13;2;0,333333333;44,607;;;;;;
3;März;4;Freitag;14;0;0;0;;;;;;
3;März;4;Freitag;15;5;0,833333333;20,3436;;;;;;
3;März;4;Freitag;16;3;0,5;2,016;;;;;;
3;März;4;Freitag;17;3;0,5;34,26733333;;;;;;
3;März;4;Freitag;18;3;0,5;40,14566667;;;;;;
3;März;4;Freitag;19;4;0,666666667;36,73025;;;;;;
3;März;4;Freitag;20;0;0;0;;;;;;
3;März;4;Freitag;21;1;0,166666667;32,64;;;;;;
3;März;4;Freitag;22;1;0,166666667;20,724;;;;;;
3;März;4;Freitag;23;0;0;0;;;;;;
3;März;5;Samstag;0;0;0;0;;;;;;
3;März;5;Samstag;1;0;0;0;;;;;;
3;März;5;Samstag;2;0;0;0;;;;;;
3;März;5;Samstag;3;0;0;0;;;;;;
3;März;5;Samstag;4;0;0;0;;;;;;
3;März;5;Samstag;5;1;0,166666667;45,126;;;;;;
3;März;5;Samstag;6;0;0;0;;;;;;
3;März;5;Samstag;7;0;0;0;;;;;;
3;März;5;Samstag;8;1;0,166666667;13,764;;;;;;
3;März;5;Samstag;9;2;0,333333333;29,87;;;;;;
3;März;5;Samstag;10;1;0,166666667;54,678;;;;;;
3;März;5;Samstag;11;2;0,333333333;31,5775;;;;;;
3;März;5;Samstag;12;6;1;23,3185;;;;;;
3;März;5;Samstag;13;2;0,333333333;24,557;;;;;;
3;März;5;Samstag;14;6;1;23,884;;;;;;
3;März;5;Samstag;15;3;0,5;22,354;;;;;;
3;März;5;Samstag;16;3;0,5;21,27;;;;;;
3;März;5;Samstag;17;2;0,333333333;28,351;;;;;;
3;März;5;Samstag;18;0;0;0;;;;;;
3;März;5;Samstag;19;5;0,833333333;13,8492;;;;;;
3;März;5;Samstag;20;0;0;0;;;;;;
3;März;5;Samstag;21;1;0,166666667;14,326;;;;;;
3;März;5;Samstag;22;0;0;0;;;;;;
3;März;5;Samstag;23;0;0;0;;;;;;
3;März;6;Sonntag;0;0;0;0;;;;;;
3;März;6;Sonntag;1;0;0;0;;;;;;
3;März;6;Sonntag;2;0;0;0;;;;;;
3;März;6;Sonntag;3;0;0;0;;;;;;
3;März;6;Sonntag;4;0;0;0;;;;;;
3;März;6;Sonntag;5;0;0;0;;;;;;
3;März;6;Sonntag;6;1;0,166666667;32,148;;;;;;
3;März;6;Sonntag;7;0;0;0;;;;;;
3;März;6;Sonntag;8;1;0,166666667;30,386;;;;;;
3;März;6;Sonntag;9;2;0,333333333;42,0625;;;;;;
3;März;6;Sonntag;10;1;0,166666667;42,404;;;;;;
3;März;6;Sonntag;11;4;0,666666667;30,21925;;;;;;
3;März;6;Sonntag;12;0;0;0;;;;;;
3;März;6;Sonntag;13;1;0,166666667;70,214;;;;;;
3;März;6;Sonntag;14;4;0,666666667;30,99025;;;;;;
3;März;6;Sonntag;15;1;0,166666667;38,537;;;;;;
3;März;6;Sonntag;16;2;0,333333333;15,274;;;;;;
3;März;6;Sonntag;17;5;0,833333333;40,8446;;;;;;
3;März;6;Sonntag;18;3;0,5;28,264;;;;;;
3;März;6;Sonntag;19;1;0,166666667;31,2;;;;;;
3;März;6;Sonntag;20;1;0,166666667;7,409;;;;;;
3;März;6;Sonntag;21;1;0,166666667;25,697;;;;;;
3;März;6;Sonntag;22;0;0;0;;;;;;
3;März;6;Sonntag;23;0;0;0;;;;;;
4;April;0;Montag;0;0;0;0;;;;;;
4;April;0;Montag;1;0;0;0;;;;;;
4;April;0;Montag;2;0;0;0;;;;;;
4;April;0;Montag;3;0;0;0;;;;;;
4;April;0;Montag;4;0;0;0;;;;;;
4;April;0;Montag;5;1;0,2;42,138;;;;;;
4;April;0;Montag;6;0;0;0;;;;;;
4;April;0;Montag;7;1;0,2;54,809;;;;;;
4;April;0;Montag;8;2;0,4;29,917;;;;;;
4;April;0;Montag;9;2;0,4;51,509;;;;;;
4;April;0;Montag;10;0;0;0;;;;;;
4;April;0;Montag;11;1;0,2;30,851;;;;;;
4;April;0;Montag;12;2;0,4;26,556;;;;;;
4;April;0;Montag;13;2;0,4;38,964;;;;;;
4;April;0;Montag;14;0;0;0;;;;;;
4;April;0;Montag;15;0;0;0;;;;;;
4;April;0;Montag;16;4;0,8;26,97225;;;;;;
4;April;0;Montag;17;4;0,8;21,9565;;;;;;
4;April;0;Montag;18;4;0,8;17,9995;;;;;;
4;April;0;Montag;19;1;0,2;41,134;;;;;;
4;April;0;Montag;20;0;0;0;;;;;;
4;April;0;Montag;21;0;0;0;;;;;;
4;April;0;Montag;22;0;0;0;;;;;;
4;April;0;Montag;23;0;0;0;;;;;;
4;April;1;Dienstag;0;0;0;0;;;;;;
4;April;1;Dienstag;1;0;0;0;;;;;;
4;April;1;Dienstag;2;0;0;0;;;;;;
4;April;1;Dienstag;3;0;0;0;;;;;;
4;April;1;Dienstag;4;0;0;0;;;;;;
4;April;1;Dienstag;5;0;0;0;;;;;;
4;April;1;Dienstag;6;0;0;0;;;;;;
4;April;1;Dienstag;7;3;0,6;37,60966667;;;;;;
4;April;1;Dienstag;8;1;0,2;48,442;;;;;;
4;April;1;Dienstag;9;1;0,2;38,24;;;;;;
4;April;1;Dienstag;10;1;0,2;28,521;;;;;;
4;April;1;Dienstag;11;2;0,4;49,173;;;;;;
4;April;1;Dienstag;12;2;0,4;48,2555;;;;;;
4;April;1;Dienstag;13;0;0;0;;;;;;
4;April;1;Dienstag;14;1;0,2;30,735;;;;;;
4;April;1;Dienstag;15;1;0,2;16,733;;;;;;
4;April;1;Dienstag;16;3;0,6;11,128;;;;;;
4;April;1;Dienstag;17;2;0,4;12,1145;;;;;;
4;April;1;Dienstag;18;3;0,6;31,75166667;;;;;;
4;April;1;Dienstag;19;2;0,4;47,8395;;;;;;
4;April;1;Dienstag;20;4;0,8;45,56275;;;;;;
4;April;1;Dienstag;21;3;0,6;31,031;;;;;;
4;April;1;Dienstag;22;0;0;0;;;;;;
4;April;1;Dienstag;23;1;0,2;2,534;;;;;;
4;April;2;Mittwoch;0;0;0;0;;;;;;
4;April;2;Mittwoch;1;0;0;0;;;;;;
4;April;2;Mittwoch;2;0;0;0;;;;;;
4;April;2;Mittwoch;3;0;0;0;;;;;;
4;April;2;Mittwoch;4;0;0;0;;;;;;
4;April;2;Mittwoch;5;1;0,2;45,644;;;;;;
4;April;2;Mittwoch;6;0;0;0;;;;;;
4;April;2;Mittwoch;7;2;0,4;22,2505;;;;;;
4;April;2;Mittwoch;8;6;1,2;38,99433333;;;;;;
4;April;2;Mittwoch;9;1;0,2;15,554;;;;;;
4;April;2;Mittwoch;10;2;0,4;41,1815;;;;;;
4;April;2;Mittwoch;11;4;0,8;29,98575;;;;;;
4;April;2;Mittwoch;12;3;0,6;30,544;;;;;;
4;April;2;Mittwoch;13;6;1,2;20,63616667;;;;;;
4;April;2;Mittwoch;14;3;0,6;25,27466667;;;;;;
4;April;2;Mittwoch;15;3;0,6;21,784;;;;;;
4;April;2;Mittwoch;16;3;0,6;19,10433333;;;;;;
4;April;2;Mittwoch;17;1;0,2;38,076;;;;;;
4;April;2;Mittwoch;18;1;0,2;42,923;;;;;;
4;April;2;Mittwoch;19;2;0,4;11,918;;;;;;
4;April;2;Mittwoch;20;4;0,8;38,62025;;;;;;
4;April;2;Mittwoch;21;0;0;0;;;;;;
4;April;2;Mittwoch;22;0;0;0;;;;;;
4;April;2;Mittwoch;23;1;0,2;32,966;;;;;;
4;April;3;Donnerstag;0;0;0;0;;;;;;
4;April;3;Donnerstag;1;0;0;0;;;;;;
4;April;3;Donnerstag;2;0;0;0;;;;;;
4;April;3;Donnerstag;3;0;0;0;;;;;;
4;April;3;Donnerstag;4;0;0;0;;;;;;
4;April;3;Donnerstag;5;2;0,4;44,063;;;;;;
4;April;3;Donnerstag;6;1;0,2;9,811;;;;;;
4;April;3;Donnerstag;7;2;0,4;49,215;;;;;;
4;April;3;Donnerstag;8;3;0,6;57,99233333;;;;;;
4;April;3;Donnerstag;9;1;0,2;63,771;;;;;;
4;April;3;Donnerstag;10;2;0,4;27,617;;;;;;
4;April;3;Donnerstag;11;5;1;29,8418;;;;;;
4;April;3;Donnerstag;12;2;0,4;25,8025;;;;;;
4;April;3;Donnerstag;13;1;0,2;44,712;;;;;;
4;April;3;Donnerstag;14;4;0,8;34,814;;;;;;
4;April;3;Donnerstag;15;2;0,4;35,7515;;;;;;
4;April;3;Donnerstag;16;4;0,8;9,83175;;;;;;
4;April;3;Donnerstag;17;3;0,6;34,6;;;;;;
4;April;3;Donnerstag;18;3;0,6;23,39833333;;;;;;
4;April;3;Donnerstag;19;1;0,2;13,599;;;;;;
4;April;3;Donnerstag;20;2;0,4;28,461;;;;;;
4;April;3;Donnerstag;21;1;0,2;44,742;;;;;;
4;April;3;Donnerstag;22;2;0,4;27,237;;;;;;
4;April;3;Donnerstag;23;0;0;0;;;;;;
4;April;4;Freitag;0;0;0;0;;;;;;
4;April;4;Freitag;1;0;0;0;;;;;;
4;April;4;Freitag;2;0;0;0;;;;;;
4;April;4;Freitag;3;0;0;0;;;;;;
4;April;4;Freitag;4;0;0;0;;;;;;
4;April;4;Freitag;5;0;0;0;;;;;;
4;April;4;Freitag;6;0;0;0;;;;;;
4;April;4;Freitag;7;1;0,2;6,356;;;;;;
4;April;4;Freitag;8;0;0;0;;;;;;
4;April;4;Freitag;9;1;0,2;2,388;;;;;;
4;April;4;Freitag;10;3;0,6;32,16233333;;;;;;
4;April;4;Freitag;11;1;0,2;22,574;;;;;;
4;April;4;Freitag;12;3;0,6;25,823;;;;;;
4;April;4;Freitag;13;3;0,6;24,009;;;;;;
4;April;4;Freitag;14;1;0,2;18,77;;;;;;
4;April;4;Freitag;15;1;0,2;26,251;;;;;;
4;April;4;Freitag;16;3;0,6;29,50966667;;;;;;
4;April;4;Freitag;17;2;0,4;25,616;;;;;;
4;April;4;Freitag;18;2;0,4;7,6575;;;;;;
4;April;4;Freitag;19;2;0,4;31,1865;;;;;;
4;April;4;Freitag;20;1;0,2;17,159;;;;;;
4;April;4;Freitag;21;0;0;0;;;;;;
4;April;4;Freitag;22;1;0,2;23,913;;;;;;
4;April;4;Freitag;23;0;0;0;;;;;;
4;April;5;Samstag;0;0;0;0;;;;;;
4;April;5;Samstag;1;1;0,2;55,901;;;;;;
4;April;5;Samstag;2;0;0;0;;;;;;
4;April;5;Samstag;3;0;0;0;;;;;;
4;April;5;Samstag;4;0;0;0;;;;;;
4;April;5;Samstag;5;1;0,2;49,359;;;;;;
4;April;5;Samstag;6;1;0,2;32,966;;;;;;
4;April;5;Samstag;7;2;0,4;19,186;;;;;;
4;April;5;Samstag;8;1;0,2;53,754;;;;;;
4;April;5;Samstag;9;2;0,4;44,7995;;;;;;
4;April;5;Samstag;10;1;0,2;31,544;;;;;;
4;April;5;Samstag;11;2;0,4;16,111;;;;;;
4;April;5;Samstag;12;3;0,6;21,83666667;;;;;;
4;April;5;Samstag;13;0;0;0;;;;;;
4;April;5;Samstag;14;4;0,8;23,18975;;;;;;
4;April;5;Samstag;15;1;0,2;25,614;;;;;;
4;April;5;Samstag;16;1;0,2;26,287;;;;;;
4;April;5;Samstag;17;1;0,2;16,429;;;;;;
4;April;5;Samstag;18;2;0,4;36,1255;;;;;;
4;April;5;Samstag;19;1;0,2;27,543;;;;;;
4;April;5;Samstag;20;0;0;0;;;;;;
4;April;5;Samstag;21;2;0,4;53,297;;;;;;
4;April;5;Samstag;22;3;0,6;39,291;;;;;;
4;April;5;Samstag;23;0;0;0;;;;;;
4;April;6;Sonntag;0;0;0;0;;;;;;
4;April;6;Sonntag;1;0;0;0;;;;;;
4;April;6;Sonntag;2;0;0;0;;;;;;
4;April;6;Sonntag;3;0;0;0;;;;;;
4;April;6;Sonntag;4;0;0;0;;;;;;
4;April;6;Sonntag;5;0;0;0;;;;;;
4;April;6;Sonntag;6;0;0;0;;;;;;
4;April;6;Sonntag;7;0;0;0;;;;;;
4;April;6;Sonntag;8;0;0;0;;;;;;
4;April;6;Sonntag;9;1;0,2;32,092;;;;;;
4;April;6;Sonntag;10;0;0;0;;;;;;
4;April;6;Sonntag;11;2;0,4;9,335;;;;;;
4;April;6;Sonntag;12;3;0,6;18,18533333;;;;;;
4;April;6;Sonntag;13;3;0,6;33,389;;;;;;
4;April;6;Sonntag;14;4;0,8;21,737;;;;;;
4;April;6;Sonntag;15;2;0,4;16,0455;;;;;;
4;April;6;Sonntag;16;2;0,4;22,816;;;;;;
4;April;6;Sonntag;17;2;0,4;32,481;;;;;;
4;April;6;Sonntag;18;3;0,6;17,438;;;;;;
4;April;6;Sonntag;19;1;0,2;40,863;;;;;;
4;April;6;Sonntag;20;0;0;0;;;;;;
4;April;6;Sonntag;21;0;0;0;;;;;;
4;April;6;Sonntag;22;1;0,2;27,021;;;;;;
4;April;6;Sonntag;23;0;0;0;;;;;;
5;Mai;0;Montag;0;0;0;0;;;;;;
5;Mai;0;Montag;1;0;0;0;;;;;;
5;Mai;0;Montag;2;0;0;0;;;;;;
5;Mai;0;Montag;3;0;0;0;;;;;;
5;Mai;0;Montag;4;0;0;0;;;;;;
5;Mai;0;Montag;5;0;0;0;;;;;;
5;Mai;0;Montag;6;0;0;0;;;;;;
5;Mai;0;Montag;7;1;0,2;58,153;;;;;;
5;Mai;0;Montag;8;0;0;0;;;;;;
5;Mai;0;Montag;9;1;0,2;24,135;;;;;;
5;Mai;0;Montag;10;0;0;0;;;;;;
5;Mai;0;Montag;11;2;0,4;20,441;;;;;;
5;Mai;0;Montag;12;0;0;0;;;;;;
5;Mai;0;Montag;13;2;0,4;29,248;;;;;;
5;Mai;0;Montag;14;1;0,2;21,433;;;;;;
5;Mai;0;Montag;15;0;0;0;;;;;;
5;Mai;0;Montag;16;1;0,2;29,367;;;;;;240,2381667
5;Mai;0;Montag;17;3;0,6;10,65066667;;;;;;
5;Mai;0;Montag;18;0;0;0;;;;;;
5;Mai;0;Montag;19;0;0;0;;;;;;
5;Mai;0;Montag;20;2;0,4;28,1455;;;;;;
5;Mai;0;Montag;21;1;0,2;18,665;;;;;;
5;Mai;0;Montag;22;0;0;0;;;;;;
5;Mai;0;Montag;23;0;0;0;;;;;;
5;Mai;1;Dienstag;0;0;0;0;;;;;;
5;Mai;1;Dienstag;1;0;0;0;;;;;;
5;Mai;1;Dienstag;2;0;0;0;;;;;;
5;Mai;1;Dienstag;3;0;0;0;;;;;;
5;Mai;1;Dienstag;4;0;0;0;;;;;;
5;Mai;1;Dienstag;5;0;0;0;;;;;;
5;Mai;1;Dienstag;6;0;0;0;;;;;;
5;Mai;1;Dienstag;7;0;0;0;;;;;;
5;Mai;1;Dienstag;8;0;0;0;;;;;;
5;Mai;1;Dienstag;9;1;0,2;39,946;;;;;;
5;Mai;1;Dienstag;10;2;0,4;59,714;;;;;;
5;Mai;1;Dienstag;11;4;0,8;13,742;;;;;;
5;Mai;1;Dienstag;12;0;0;0;;;;;;
5;Mai;1;Dienstag;13;0;0;0;;;;;;
5;Mai;1;Dienstag;14;0;0;0;;;;;;
5;Mai;1;Dienstag;15;0;0;0;;;;;;
5;Mai;1;Dienstag;16;2;0,4;26,5245;;;;;;
5;Mai;1;Dienstag;17;3;0,6;25,462;;;;;;
5;Mai;1;Dienstag;18;2;0,4;38,9435;;;;;;
5;Mai;1;Dienstag;19;3;0,6;31,35966667;;;;;;
5;Mai;1;Dienstag;20;2;0,4;43,6415;;;;;;
5;Mai;1;Dienstag;21;0;0;0;;;;;;
5;Mai;1;Dienstag;22;0;0;0;;;;;;
5;Mai;1;Dienstag;23;0;0;0;;;;;;
5;Mai;2;Mittwoch;0;0;0;0;;;;;;
5;Mai;2;Mittwoch;1;0;0;0;;;;;;
5;Mai;2;Mittwoch;2;0;0;0;;;;;;
5;Mai;2;Mittwoch;3;0;0;0;;;;;;
5;Mai;2;Mittwoch;4;0;0;0;;;;;;
5;Mai;2;Mittwoch;5;0;0;0;;;;;;
5;Mai;2;Mittwoch;6;0;0;0;;;;;;
5;Mai;2;Mittwoch;7;1;0,2;10,017;;;;;;
5;Mai;2;Mittwoch;8;0;0;0;;;;;;
5;Mai;2;Mittwoch;9;0;0;0;;;;;;
5;Mai;2;Mittwoch;10;3;0,6;15,508;;;;;;
5;Mai;2;Mittwoch;11;0;0;0;;;;;;
5;Mai;2;Mittwoch;12;1;0,2;36,528;;;;;;
5;Mai;2;Mittwoch;13;1;0,2;0;;;;;;
5;Mai;2;Mittwoch;14;1;0,2;35,42;;;;;;
5;Mai;2;Mittwoch;15;0;0;0;;;;;;
5;Mai;2;Mittwoch;16;5;1;9,5884;;;;;;
5;Mai;2;Mittwoch;17;3;0,6;27,22466667;;;;;;
5;Mai;2;Mittwoch;18;1;0,2;25,547;;;;;;
5;Mai;2;Mittwoch;19;2;0,4;31,2765;;;;;;
5;Mai;2;Mittwoch;20;1;0,2;32,763;;;;;;
5;Mai;2;Mittwoch;21;1;0,2;29,652;;;;;;
5;Mai;2;Mittwoch;22;3;0,6;20,632;;;;;;
5;Mai;2;Mittwoch;23;0;0;0;;;;;;
5;Mai;3;Donnerstag;0;0;0;0;;;;;;
5;Mai;3;Donnerstag;1;0;0;0;;;;;;
5;Mai;3;Donnerstag;2;0;0;0;;;;;;
5;Mai;3;Donnerstag;3;0;0;0;;;;;;
5;Mai;3;Donnerstag;4;0;0;0;;;;;;
5;Mai;3;Donnerstag;5;0;0;0;;;;;;
5;Mai;3;Donnerstag;6;0;0;0;;;;;;
5;Mai;3;Donnerstag;7;0;0;0;;;;;;
5;Mai;3;Donnerstag;8;2;0,4;31,335;;;;;;
5;Mai;3;Donnerstag;9;1;0,2;40,813;;;;;;
5;Mai;3;Donnerstag;10;1;0,2;17,849;;;;;;
5;Mai;3;Donnerstag;11;0;0;0;;;;;;
5;Mai;3;Donnerstag;12;1;0,2;39,686;;;;;;
5;Mai;3;Donnerstag;13;3;0,6;43,27966667;;;;;;
5;Mai;3;Donnerstag;14;2;0,4;13,2685;;;;;;
5;Mai;3;Donnerstag;15;2;0,4;19,6465;;;;;;
5;Mai;3;Donnerstag;16;0;0;0;;;;;;
5;Mai;3;Donnerstag;17;4;0,8;16,754;;;;;;
5;Mai;3;Donnerstag;18;2;0,4;34,0635;;;;;;
5;Mai;3;Donnerstag;19;1;0,2;50,101;;;;;;
5;Mai;3;Donnerstag;20;0;0;0;;;;;;
5;Mai;3;Donnerstag;21;1;0,2;18,297;;;;;;
5;Mai;3;Donnerstag;22;0;0;0;;;;;;
5;Mai;3;Donnerstag;23;0;0;0;;;;;;
5;Mai;4;Freitag;0;0;0;0;;;;;;
5;Mai;4;Freitag;1;0;0;0;;;;;;
5;Mai;4;Freitag;2;0;0;0;;;;;;
5;Mai;4;Freitag;3;1;0,2;32,997;;;;;;
5;Mai;4;Freitag;4;0;0;0;;;;;;
5;Mai;4;Freitag;5;0;0;0;;;;;;
5;Mai;4;Freitag;6;0;0;0;;;;;;
5;Mai;4;Freitag;7;0;0;0;;;;;;
5;Mai;4;Freitag;8;1;0,2;18,385;;;;;;
5;Mai;4;Freitag;9;1;0,2;31,439;;;;;;
5;Mai;4;Freitag;10;1;0,2;74,148;;;;;;
5;Mai;4;Freitag;11;3;0,6;26,543;;;;;;
5;Mai;4;Freitag;12;5;1;26,7642;;;;;;
5;Mai;4;Freitag;13;1;0,2;7,585;;;;;;
5;Mai;4;Freitag;14;3;0,6;5,521666667;;;;;;
5;Mai;4;Freitag;15;4;0,8;35,74;;;;;;
5;Mai;4;Freitag;16;2;0,4;12,421;;;;;;
5;Mai;4;Freitag;17;1;0,2;68,43;;;;;;
5;Mai;4;Freitag;18;4;0,8;31,4515;;;;;;
5;Mai;4;Freitag;19;3;0,6;35,14133333;;;;;;
5;Mai;4;Freitag;20;0;0;0;;;;;;
5;Mai;4;Freitag;21;0;0;0;;;;;;
5;Mai;4;Freitag;22;0;0;0;;;;;;
5;Mai;4;Freitag;23;0;0;0;;;;;;
5;Mai;5;Samstag;0;0;0;0;;;;;;
5;Mai;5;Samstag;1;0;0;0;;;;;;
5;Mai;5;Samstag;2;0;0;0;;;;;;
5;Mai;5;Samstag;3;0;0;0;;;;;;
5;Mai;5;Samstag;4;0;0;0;;;;;;
5;Mai;5;Samstag;5;0;0;0;;;;;;
5;Mai;5;Samstag;6;0;0;0;;;;;;
5;Mai;5;Samstag;7;1;0,2;17,123;;;;;;
5;Mai;5;Samstag;8;3;0,6;28,709;;;;;;
5;Mai;5;Samstag;9;1;0,2;46,095;;;;;;
5;Mai;5;Samstag;10;1;0,2;30,623;;;;;;
5;Mai;5;Samstag;11;3;0,6;37,538;;;;;;
5;Mai;5;Samstag;12;2;0,4;35,449;;;;;;
5;Mai;5;Samstag;13;2;0,4;30,2735;;;;;;
5;Mai;5;Samstag;14;2;0,4;29,18;;;;;;
5;Mai;5;Samstag;15;4;0,8;4,4515;;;;;;
5;Mai;5;Samstag;16;1;0,2;18,026;;;;;;
5;Mai;5;Samstag;17;0;0;0;;;;;;
5;Mai;5;Samstag;18;2;0,4;19,6865;;;;;;
5;Mai;5;Samstag;19;0;0;0;;;;;;
5;Mai;5;Samstag;20;1;0,2;51,755;;;;;;
5;Mai;5;Samstag;21;1;0,2;40,032;;;;;;
5;Mai;5;Samstag;22;0;0;0;;;;;;
5;Mai;5;Samstag;23;0;0;0;;;;;;
5;Mai;6;Sonntag;0;0;0;0;;;;;;
5;Mai;6;Sonntag;1;0;0;0;;;;;;
5;Mai;6;Sonntag;2;0;0;0;;;;;;
5;Mai;6;Sonntag;3;0;0;0;;;;;;
5;Mai;6;Sonntag;4;0;0;0;;;;;;
5;Mai;6;Sonntag;5;0;0;0;;;;;;
5;Mai;6;Sonntag;6;0;0;0;;;;;;
5;Mai;6;Sonntag;7;0;0;0;;;;;;
5;Mai;6;Sonntag;8;0;0;0;;;;;;
5;Mai;6;Sonntag;9;0;0;0;;;;;;
5;Mai;6;Sonntag;10;0;0;0;;;;;;
5;Mai;6;Sonntag;11;0;0;0;;;;;;
5;Mai;6;Sonntag;12;6;1,2;15,51116667;;;;;;
5;Mai;6;Sonntag;13;1;0,2;54,558;;;;;;
5;Mai;6;Sonntag;14;2;0,4;42,157;;;;;;
5;Mai;6;Sonntag;15;2;0,4;19,4015;;;;;;
5;Mai;6;Sonntag;16;3;0,6;15,419;;;;;;
5;Mai;6;Sonntag;17;1;0,2;15,412;;;;;;
5;Mai;6;Sonntag;18;1;0,2;40,012;;;;;;
5;Mai;6;Sonntag;19;0;0;0;;;;;;
5;Mai;6;Sonntag;20;0;0;0;;;;;;
5;Mai;6;Sonntag;21;0;0;0;;;;;;
5;Mai;6;Sonntag;22;0;0;0;;;;;;
5;Mai;6;Sonntag;23;0;0;0;;;;;;
6;Juni;0;Montag;0;0;0;0;;;;;;
6;Juni;0;Montag;1;0;0;0;;;;;;
6;Juni;0;Montag;2;0;0;0;;;;;;
6;Juni;0;Montag;3;0;0;0;;;;;;
6;Juni;0;Montag;4;1;0,166666667;11,644;;;;;;
6;Juni;0;Montag;5;0;0;0;;;;;;
6;Juni;0;Montag;6;1;0,166666667;39,225;;;;;;
6;Juni;0;Montag;7;1;0,166666667;18,711;;;;;;
6;Juni;0;Montag;8;0;0;0;;;;;;
6;Juni;0;Montag;9;0;0;0;;;;;;
6;Juni;0;Montag;10;2;0,333333333;57,3165;;;;;;
6;Juni;0;Montag;11;0;0;0;;;;;;
6;Juni;0;Montag;12;0;0;0;;;;;;
6;Juni;0;Montag;13;3;0,5;15,55533333;;;;;;
6;Juni;0;Montag;14;2;0,333333333;23,6175;;;;;;
6;Juni;0;Montag;15;3;0,5;23,105;;;;;;
6;Juni;0;Montag;16;3;0,5;22,59633333;;;;;;
6;Juni;0;Montag;17;4;0,666666667;16,31825;;;;;;
6;Juni;0;Montag;18;0;0;0;;;;;;
6;Juni;0;Montag;19;2;0,333333333;31,52;;;;;;
6;Juni;0;Montag;20;1;0,166666667;33,451;;;;;;
6;Juni;0;Montag;21;1;0,166666667;12,595;;;;;;
6;Juni;0;Montag;22;0;0;0;;;;;;
6;Juni;0;Montag;23;1;0,166666667;41,184;;;;;;
6;Juni;1;Dienstag;0;0;0;0;;;;;;
6;Juni;1;Dienstag;1;0;0;0;;;;;;
6;Juni;1;Dienstag;2;0;0;0;;;;;;
6;Juni;1;Dienstag;3;0;0;0;;;;;;
6;Juni;1;Dienstag;4;1;0,166666667;10,211;;;;;;
6;Juni;1;Dienstag;5;0;0;0;;;;;;
6;Juni;1;Dienstag;6;0;0;0;;;;;;
6;Juni;1;Dienstag;7;0;0;0;;;;;;
6;Juni;1;Dienstag;8;2;0,333333333;53,8905;;;;;;
6;Juni;1;Dienstag;9;0;0;0;;;;;;
6;Juni;1;Dienstag;10;3;0,5;29,19333333;;;;;;
6;Juni;1;Dienstag;11;1;0,166666667;45,95;;;;;;
6;Juni;1;Dienstag;12;0;0;0;;;;;;
6;Juni;1;Dienstag;13;2;0,333333333;50,1075;;;;;;
6;Juni;1;Dienstag;14;0;0;0;;;;;;
6;Juni;1;Dienstag;15;3;0,5;19,96033333;;;;;;
6;Juni;1;Dienstag;16;3;0,5;11,85333333;;;;;;
6;Juni;1;Dienstag;17;3;0,5;33,47333333;;;;;;
6;Juni;1;Dienstag;18;8;1,333333333;2,01525;;;;;;
6;Juni;1;Dienstag;19;0;0;0;;;;;;
6;Juni;1;Dienstag;20;1;0,166666667;12,358;;;;;;
6;Juni;1;Dienstag;21;0;0;0;;;;;;
6;Juni;1;Dienstag;22;1;0,166666667;14,115;;;;;;
6;Juni;1;Dienstag;23;0;0;0;;;;;;
6;Juni;2;Mittwoch;0;0;0;0;;;;;;
6;Juni;2;Mittwoch;1;1;0,166666667;53,521;;;;;;
6;Juni;2;Mittwoch;2;0;0;0;;;;;;
6;Juni;2;Mittwoch;3;0;0;0;;;;;;
6;Juni;2;Mittwoch;4;1;0,166666667;11,015;;;;;;
6;Juni;2;Mittwoch;5;0;0;0;;;;;;
6;Juni;2;Mittwoch;6;0;0;0;;;;;;
6;Juni;2;Mittwoch;7;2;0,333333333;46,697;;;;;;
6;Juni;2;Mittwoch;8;1;0,166666667;29,026;;;;;;
6;Juni;2;Mittwoch;9;1;0,166666667;50,663;;;;;;
6;Juni;2;Mittwoch;10;2;0,333333333;46,1375;;;;;;
6;Juni;2;Mittwoch;11;2;0,333333333;21,5585;;;;;;
6;Juni;2;Mittwoch;12;1;0,166666667;38,142;;;;;;
6;Juni;2;Mittwoch;13;0;0;0;;;;;;
6;Juni;2;Mittwoch;14;3;0,5;38,03733333;;;;;;
6;Juni;2;Mittwoch;15;3;0,5;15,318;;;;;;
6;Juni;2;Mittwoch;16;1;0,166666667;34,747;;;;;;
6;Juni;2;Mittwoch;17;2;0,333333333;36,0475;;;;;;
6;Juni;2;Mittwoch;18;1;0,166666667;24,906;;;;;;
6;Juni;2;Mittwoch;19;1;0,166666667;23,767;;;;;;
6;Juni;2;Mittwoch;20;0;0;0;;;;;;
6;Juni;2;Mittwoch;21;0;0;0;;;;;;
6;Juni;2;Mittwoch;22;0;0;0;;;;;;
6;Juni;2;Mittwoch;23;0;0;0;;;;;;
6;Juni;3;Donnerstag;0;0;0;0;;;;;;
6;Juni;3;Donnerstag;1;0;0;0;;;;;;
6;Juni;3;Donnerstag;2;0;0;0;;;;;;
6;Juni;3;Donnerstag;3;0;0;0;;;;;;
6;Juni;3;Donnerstag;4;1;0,166666667;13,543;;;;;;
6;Juni;3;Donnerstag;5;0;0;0;;;;;;
6;Juni;3;Donnerstag;6;0;0;0;;;;;;
6;Juni;3;Donnerstag;7;0;0;0;;;;;;
6;Juni;3;Donnerstag;8;1;0,166666667;14,694;;;;;;
6;Juni;3;Donnerstag;9;0;0;0;;;;;;
6;Juni;3;Donnerstag;10;1;0,166666667;61,065;;;;;;
6;Juni;3;Donnerstag;11;1;0,166666667;24,577;;;;;;
6;Juni;3;Donnerstag;12;2;0,333333333;25,9965;;;;;;
6;Juni;3;Donnerstag;13;0;0;0;;;;;;
6;Juni;3;Donnerstag;14;2;0,333333333;28,9955;;;;;;
6;Juni;3;Donnerstag;15;0;0;0;;;;;;
6;Juni;3;Donnerstag;16;1;0,166666667;39,563;;;;;;
6;Juni;3;Donnerstag;17;8;1,333333333;29,7275;;;;;;
6;Juni;3;Donnerstag;18;0;0;0;;;;;;
6;Juni;3;Donnerstag;19;0;0;0;;;;;;
6;Juni;3;Donnerstag;20;2;0,333333333;52,053;;;;;;
6;Juni;3;Donnerstag;21;1;0,166666667;11,798;;;;;;
6;Juni;3;Donnerstag;22;0;0;0;;;;;;
6;Juni;3;Donnerstag;23;1;0,166666667;36,6;;;;;;
6;Juni;4;Freitag;0;0;0;0;;;;;;
6;Juni;4;Freitag;1;0;0;0;;;;;;
6;Juni;4;Freitag;2;0;0;0;;;;;;
6;Juni;4;Freitag;3;0;0;0;;;;;;
6;Juni;4;Freitag;4;0;0;0;;;;;;
6;Juni;4;Freitag;5;0;0;0;;;;;;
6;Juni;4;Freitag;6;0;0;0;;;;;;
6;Juni;4;Freitag;7;0;0;0;;;;;;
6;Juni;4;Freitag;8;2;0,333333333;28,55;;;;;;
6;Juni;4;Freitag;9;1;0,166666667;20,668;;;;;;
6;Juni;4;Freitag;10;3;0,5;20,493;;;;;;
6;Juni;4;Freitag;11;1;0,166666667;19,759;;;;;;
6;Juni;4;Freitag;12;2;0,333333333;6,8305;;;;;;
6;Juni;4;Freitag;13;0;0;0;;;;;;
6;Juni;4;Freitag;14;1;0,166666667;11,994;;;;;;
6;Juni;4;Freitag;15;4;0,666666667;37,337;;;;;;
6;Juni;4;Freitag;16;3;0,5;25,81366667;;;;;;
6;Juni;4;Freitag;17;3;0,5;33,797;;;;;;
6;Juni;4;Freitag;18;2;0,333333333;22,174;;;;;;
6;Juni;4;Freitag;19;0;0;0;;;;;;
6;Juni;4;Freitag;20;0;0;0;;;;;;
6;Juni;4;Freitag;21;0;0;0;;;;;;
6;Juni;4;Freitag;22;0;0;0;;;;;;
6;Juni;4;Freitag;23;0;0;0;;;;;;
6;Juni;5;Samstag;0;0;0;0;;;;;;
6;Juni;5;Samstag;1;0;0;0;;;;;;
6;Juni;5;Samstag;2;0;0;0;;;;;;
6;Juni;5;Samstag;3;0;0;0;;;;;;
6;Juni;5;Samstag;4;0;0;0;;;;;;
6;Juni;5;Samstag;5;0;0;0;;;;;;
6;Juni;5;Samstag;6;0;0;0;;;;;;
6;Juni;5;Samstag;7;1;0,166666667;18,506;;;;;;
6;Juni;5;Samstag;8;3;0,5;11,879;;;;;;
6;Juni;5;Samstag;9;4;0,666666667;29,77675;;;;;;
6;Juni;5;Samstag;10;2;0,333333333;26,821;;;;;;
6;Juni;5;Samstag;11;4;0,666666667;31,465;;;;;;
6;Juni;5;Samstag;12;2;0,333333333;28,494;;;;;;
6;Juni;5;Samstag;13;1;0,166666667;47,472;;;;;;
6;Juni;5;Samstag;14;2;0,333333333;29,8365;;;;;;
6;Juni;5;Samstag;15;0;0;0;;;;;;
6;Juni;5;Samstag;16;0;0;0;;;;;;
6;Juni;5;Samstag;17;1;0,166666667;24,323;;;;;;
6;Juni;5;Samstag;18;0;0;0;;;;;;
6;Juni;5;Samstag;19;0;0;0;;;;;;
6;Juni;5;Samstag;20;2;0,333333333;43,2815;;;;;;
6;Juni;5;Samstag;21;1;0,166666667;40,304;;;;;;
6;Juni;5;Samstag;22;0;0;0;;;;;;
6;Juni;5;Samstag;23;0;0;0;;;;;;
6;Juni;6;Sonntag;0;1;0,166666667;15,644;;;;;;
6;Juni;6;Sonntag;1;0;0;0;;;;;;
6;Juni;6;Sonntag;2;0;0;0;;;;;;
6;Juni;6;Sonntag;3;0;0;0;;;;;;
6;Juni;6;Sonntag;4;0;0;0;;;;;;
6;Juni;6;Sonntag;5;0;0;0;;;;;;
6;Juni;6;Sonntag;6;0;0;0;;;;;;
6;Juni;6;Sonntag;7;0;0;0;;;;;;
6;Juni;6;Sonntag;8;1;0,166666667;10,16;;;;;;
6;Juni;6;Sonntag;9;0;0;0;;;;;;
6;Juni;6;Sonntag;10;1;0,166666667;39,152;;;;;;
6;Juni;6;Sonntag;11;2;0,333333333;24,432;;;;;;
6;Juni;6;Sonntag;12;7;1,166666667;33,00828571;;;;;;
6;Juni;6;Sonntag;13;0;0;0;;;;;;
6;Juni;6;Sonntag;14;1;0,166666667;56,119;;;;;;
6;Juni;6;Sonntag;15;0;0;0;;;;;;
6;Juni;6;Sonntag;16;3;0,5;36,48466667;;;;;;
6;Juni;6;Sonntag;17;1;0,166666667;44,441;;;;;;
6;Juni;6;Sonntag;18;0;0;0;;;;;;
6;Juni;6;Sonntag;19;2;0,333333333;51,188;;;;;;
6;Juni;6;Sonntag;20;0;0;0;;;;;;
6;Juni;6;Sonntag;21;0;0;0;;;;;;
6;Juni;6;Sonntag;22;0;0;0;;;;;;
6;Juni;6;Sonntag;23;1;0,166666667;17,019;;;;;;
7;Juli;0;Montag;0;0;0;0;;;;;;
7;Juli;0;Montag;1;0;0;0;;;;;;
7;Juli;0;Montag;2;0;0;0;;;;;;
7;Juli;0;Montag;3;0;0;0;;;;;;
7;Juli;0;Montag;4;0;0;0;;;;;;
7;Juli;0;Montag;5;0;0;0;;;;;;
7;Juli;0;Montag;6;0;0;0;;;;;;
7;Juli;0;Montag;7;0;0;0;;;;;;
7;Juli;0;Montag;8;1;0,2;47,832;;;;;;
7;Juli;0;Montag;9;0;0;0;;;;;;
7;Juli;0;Montag;10;0;0;0;;;;;;
7;Juli;0;Montag;11;1;0,2;34,148;;;;;;
7;Juli;0;Montag;12;2;0,4;32,025;;;;;;
7;Juli;0;Montag;13;1;0,2;52,229;;;;;;
7;Juli;0;Montag;14;1;0,2;37,955;;;;;;
7;Juli;0;Montag;15;2;0,4;36,2895;;;;;;
7;Juli;0;Montag;16;3;0,6;23,14766667;;;;;;
7;Juli;0;Montag;17;5;1;14,1162;;;;;;
7;Juli;0;Montag;18;4;0,8;31,95075;;;;;;
7;Juli;0;Montag;19;2;0,4;43,249;;;;;;
7;Juli;0;Montag;20;0;0;0;;;;;;
7;Juli;0;Montag;21;0;0;0;;;;;;
7;Juli;0;Montag;22;0;0;0;;;;;;
7;Juli;0;Montag;23;0;0;0;;;;;;
7;Juli;1;Dienstag;0;1;0,2;24,19;;;;;;
7;Juli;1;Dienstag;1;0;0;0;;;;;;
7;Juli;1;Dienstag;2;0;0;0;;;;;;
7;Juli;1;Dienstag;3;0;0;0;;;;;;
7;Juli;1;Dienstag;4;0;0;0;;;;;;
7;Juli;1;Dienstag;5;0;0;0;;;;;;
7;Juli;1;Dienstag;6;0;0;0;;;;;;
7;Juli;1;Dienstag;7;0;0;0;;;;;;
7;Juli;1;Dienstag;8;3;0,6;18,86433333;;;;;;
7;Juli;1;Dienstag;9;1;0,2;44,759;;;;;;
7;Juli;1;Dienstag;10;1;0,2;23,746;;;;;;
7;Juli;1;Dienstag;11;3;0,6;50,10466667;;;;;;
7;Juli;1;Dienstag;12;3;0,6;17,16433333;;;;;;
7;Juli;1;Dienstag;13;3;0,6;41,50833333;;;;;;
7;Juli;1;Dienstag;14;1;0,2;9,127;;;;;;
7;Juli;1;Dienstag;15;4;0,8;19,4185;;;;;;
7;Juli;1;Dienstag;16;2;0,4;36,4555;;;;;;
7;Juli;1;Dienstag;17;7;1,4;13,982;;;;;;
7;Juli;1;Dienstag;18;3;0,6;37,621;;;;;;
7;Juli;1;Dienstag;19;5;1;31,0854;;;;;;
7;Juli;1;Dienstag;20;3;0,6;34,18;;;;;;
7;Juli;1;Dienstag;21;0;0;0;;;;;;
7;Juli;1;Dienstag;22;1;0,2;21,411;;;;;;
7;Juli;1;Dienstag;23;0;0;0;;;;;;
7;Juli;2;Mittwoch;0;1;0,2;28,612;;;;;;
7;Juli;2;Mittwoch;1;0;0;0;;;;;;
7;Juli;2;Mittwoch;2;0;0;0;;;;;;
7;Juli;2;Mittwoch;3;0;0;0;;;;;;
7;Juli;2;Mittwoch;4;0;0;0;;;;;;
7;Juli;2;Mittwoch;5;1;0,2;15,281;;;;;;
7;Juli;2;Mittwoch;6;0;0;0;;;;;;
7;Juli;2;Mittwoch;7;2;0,4;12,9675;;;;;;
7;Juli;2;Mittwoch;8;2;0,4;6,381;;;;;;
7;Juli;2;Mittwoch;9;1;0,2;8,534;;;;;;
7;Juli;2;Mittwoch;10;1;0,2;56,478;;;;;;
7;Juli;2;Mittwoch;11;2;0,4;40,217;;;;;;
7;Juli;2;Mittwoch;12;1;0,2;0,196;;;;;;
7;Juli;2;Mittwoch;13;5;1;8,2952;;;;;;
7;Juli;2;Mittwoch;14;4;0,8;43,43225;;;;;;
7;Juli;2;Mittwoch;15;2;0,4;15,227;;;;;;
7;Juli;2;Mittwoch;16;5;1;19,598;;;;;;
7;Juli;2;Mittwoch;17;4;0,8;24,28175;;;;;;
7;Juli;2;Mittwoch;18;9;1,8;8,534888889;;;;;;
7;Juli;2;Mittwoch;19;1;0,2;33,752;;;;;;
7;Juli;2;Mittwoch;20;3;0,6;22,42466667;;;;;;
7;Juli;2;Mittwoch;21;0;0;0;;;;;;
7;Juli;2;Mittwoch;22;0;0;0;;;;;;
7;Juli;2;Mittwoch;23;0;0;0;;;;;;
7;Juli;3;Donnerstag;0;0;0;0;;;;;;
7;Juli;3;Donnerstag;1;0;0;0;;;;;;
7;Juli;3;Donnerstag;2;0;0;0;;;;;;
7;Juli;3;Donnerstag;3;0;0;0;;;;;;
7;Juli;3;Donnerstag;4;0;0;0;;;;;;
7;Juli;3;Donnerstag;5;0;0;0;;;;;;
7;Juli;3;Donnerstag;6;0;0;0;;;;;;
7;Juli;3;Donnerstag;7;1;0,2;56,244;;;;;;
7;Juli;3;Donnerstag;8;0;0;0;;;;;;
7;Juli;3;Donnerstag;9;2;0,4;45,1635;;;;;;
7;Juli;3;Donnerstag;10;5;1;35,667;;;;;;
7;Juli;3;Donnerstag;11;1;0,2;12,58;;;;;;
7;Juli;3;Donnerstag;12;1;0,2;13,092;;;;;;
7;Juli;3;Donnerstag;13;1;0,2;44,546;;;;;;
7;Juli;3;Donnerstag;14;0;0;0;;;;;;
7;Juli;3;Donnerstag;15;4;0,8;24,80775;;;;;;
7;Juli;3;Donnerstag;16;2;0,4;27,3825;;;;;;
7;Juli;3;Donnerstag;17;7;1,4;29,83714286;;;;;;
7;Juli;3;Donnerstag;18;1;0,2;33,015;;;;;;
7;Juli;3;Donnerstag;19;5;1;28,6852;;;;;;
7;Juli;3;Donnerstag;20;1;0,2;0,417;;;;;;
7;Juli;3;Donnerstag;21;1;0,2;24,714;;;;;;
7;Juli;3;Donnerstag;22;0;0;0;;;;;;
7;Juli;3;Donnerstag;23;0;0;0;;;;;;
7;Juli;4;Freitag;0;0;0;0;;;;;;
7;Juli;4;Freitag;1;0;0;0;;;;;;
7;Juli;4;Freitag;2;0;0;0;;;;;;
7;Juli;4;Freitag;3;0;0;0;;;;;;
7;Juli;4;Freitag;4;0;0;0;;;;;;
7;Juli;4;Freitag;5;0;0;0;;;;;;
7;Juli;4;Freitag;6;1;0,2;5,674;;;;;;
7;Juli;4;Freitag;7;0;0;0;;;;;;
7;Juli;4;Freitag;8;4;0,8;30,812;;;;;;
7;Juli;4;Freitag;9;1;0,2;36,202;;;;;;
7;Juli;4;Freitag;10;2;0,4;35,9085;;;;;;
7;Juli;4;Freitag;11;0;0;0;;;;;;
7;Juli;4;Freitag;12;2;0,4;23,471;;;;;;
7;Juli;4;Freitag;13;0;0;0;;;;;;
7;Juli;4;Freitag;14;5;1;22,3786;;;;;;
7;Juli;4;Freitag;15;4;0,8;38,2635;;;;;;
7;Juli;4;Freitag;16;3;0,6;27,22566667;;;;;;
7;Juli;4;Freitag;17;0;0;0;;;;;;
7;Juli;4;Freitag;18;3;0,6;25,42233333;;;;;;
7;Juli;4;Freitag;19;0;0;0;;;;;;
7;Juli;4;Freitag;20;0;0;0;;;;;;
7;Juli;4;Freitag;21;0;0;0;;;;;;
7;Juli;4;Freitag;22;1;0,2;10,692;;;;;;
7;Juli;4;Freitag;23;0;0;0;;;;;;
7;Juli;5;Samstag;0;0;0;0;;;;;;
7;Juli;5;Samstag;1;0;0;0;;;;;;
7;Juli;5;Samstag;2;0;0;0;;;;;;
7;Juli;5;Samstag;3;0;0;0;;;;;;
7;Juli;5;Samstag;4;0;0;0;;;;;;
7;Juli;5;Samstag;5;0;0;0;;;;;;
7;Juli;5;Samstag;6;0;0;0;;;;;;
7;Juli;5;Samstag;7;1;0,2;54,29;;;;;;
7;Juli;5;Samstag;8;1;0,2;36,276;;;;;;
7;Juli;5;Samstag;9;1;0,2;41,939;;;;;;
7;Juli;5;Samstag;10;2;0,4;6,129;;;;;;
7;Juli;5;Samstag;11;1;0,2;18,294;;;;;;
7;Juli;5;Samstag;12;2;0,4;38,617;;;;;;
7;Juli;5;Samstag;13;3;0,6;25,46166667;;;;;;
7;Juli;5;Samstag;14;2;0,4;37,569;;;;;;
7;Juli;5;Samstag;15;1;0,2;16,629;;;;;;
7;Juli;5;Samstag;16;3;0,6;29,44733333;;;;;;
7;Juli;5;Samstag;17;1;0,2;29,68;;;;;;
7;Juli;5;Samstag;18;0;0;0;;;;;;
7;Juli;5;Samstag;19;2;0,4;41,18;;;;;;
7;Juli;5;Samstag;20;0;0;0;;;;;;
7;Juli;5;Samstag;21;5;1;0;;;;;;
7;Juli;5;Samstag;22;0;0;0;;;;;;
7;Juli;5;Samstag;23;0;0;0;;;;;;
7;Juli;6;Sonntag;0;0;0;0;;;;;;
7;Juli;6;Sonntag;1;0;0;0;;;;;;
7;Juli;6;Sonntag;2;0;0;0;;;;;;
7;Juli;6;Sonntag;3;0;0;0;;;;;;
7;Juli;6;Sonntag;4;0;0;0;;;;;;
7;Juli;6;Sonntag;5;0;0;0;;;;;;
7;Juli;6;Sonntag;6;0;0;0;;;;;;
7;Juli;6;Sonntag;7;3;0,6;0,000333333;;;;;;
7;Juli;6;Sonntag;8;1;0,2;20,881;;;;;;
7;Juli;6;Sonntag;9;1;0,2;19,832;;;;;;
7;Juli;6;Sonntag;10;0;0;0;;;;;;
7;Juli;6;Sonntag;11;2;0,4;29,857;;;;;;
7;Juli;6;Sonntag;12;4;0,8;11,5745;;;;;;
7;Juli;6;Sonntag;13;2;0,4;21,8305;;;;;;
7;Juli;6;Sonntag;14;0;0;0;;;;;;
7;Juli;6;Sonntag;15;0;0;0;;;;;;
7;Juli;6;Sonntag;16;6;1,2;15,804;;;;;;
7;Juli;6;Sonntag;17;0;0;0;;;;;;
7;Juli;6;Sonntag;18;1;0,2;45,661;;;;;;
7;Juli;6;Sonntag;19;1;0,2;13,367;;;;;;
7;Juli;6;Sonntag;20;0;0;0;;;;;;
7;Juli;6;Sonntag;21;2;0,4;38,461;;;;;;
7;Juli;6;Sonntag;22;0;0;0;;;;;;
7;Juli;6;Sonntag;23;0;0;0;;;;;;
8;August;0;Montag;0;0;0;0;;;;;;
8;August;0;Montag;1;0;0;0;;;;;;
8;August;0;Montag;2;0;0;0;;;;;;
8;August;0;Montag;3;0;0;0;;;;;;
8;August;0;Montag;4;4;0,8;7,586;;;;;;
8;August;0;Montag;5;1;0,2;9,711;;;;;;
8;August;0;Montag;6;0;0;0;;;;;;
8;August;0;Montag;7;3;0,6;26,45;;;;;;
8;August;0;Montag;8;0;0;0;;;;;;
8;August;0;Montag;9;2;0,4;15,254;;;;;;
8;August;0;Montag;10;1;0,2;31,976;;;;;;
8;August;0;Montag;11;5;1;8,8018;;;;;;
8;August;0;Montag;12;1;0,2;19,559;;;;;;
8;August;0;Montag;13;3;0,6;13,385;;;;;;
8;August;0;Montag;14;0;0;0;;;;;;
8;August;0;Montag;15;1;0,2;22,88;;;;;;
8;August;0;Montag;16;2;0,4;13,4585;;;;;;
8;August;0;Montag;17;1;0,2;45,343;;;;;;
8;August;0;Montag;18;3;0,6;19,604;;;;;;
8;August;0;Montag;19;3;0,6;9,998333333;;;;;;
8;August;0;Montag;20;0;0;0;;;;;;
8;August;0;Montag;21;0;0;0;;;;;;
8;August;0;Montag;22;2;0,4;0;;;;;;
8;August;0;Montag;23;0;0;0;;;;;;
8;August;1;Dienstag;0;0;0;0;;;;;;
8;August;1;Dienstag;1;0;0;0;;;;;;
8;August;1;Dienstag;2;0;0;0;;;;;;
8;August;1;Dienstag;3;0;0;0;;;;;;
8;August;1;Dienstag;4;0;0;0;;;;;;
8;August;1;Dienstag;5;1;0,2;20,485;;;;;;
8;August;1;Dienstag;6;0;0;0;;;;;;
8;August;1;Dienstag;7;4;0,8;14,15075;;;;;;
8;August;1;Dienstag;8;3;0,6;10,751;;;;;;
8;August;1;Dienstag;9;0;0;0;;;;;;
8;August;1;Dienstag;10;1;0,2;15,843;;;;;;
8;August;1;Dienstag;11;7;1,4;6,545285714;;;;;;
8;August;1;Dienstag;12;6;1,2;5,051833333;;;;;;
8;August;1;Dienstag;13;5;1;11,8328;;;;;;
8;August;1;Dienstag;14;2;0,4;36,782;;;;;;
8;August;1;Dienstag;15;1;0,2;0;;;;;;
8;August;1;Dienstag;16;5;1;0;;;;;;
8;August;1;Dienstag;17;1;0,2;15,275;;;;;;
8;August;1;Dienstag;18;0;0;0;;;;;;
8;August;1;Dienstag;19;0;0;0;;;;;;
8;August;1;Dienstag;20;1;0,2;35,249;;;;;;
8;August;1;Dienstag;21;1;0,2;29,713;;;;;;
8;August;1;Dienstag;22;0;0;0;;;;;;
8;August;1;Dienstag;23;0;0;0;;;;;;
8;August;2;Mittwoch;0;0;0;0;;;;;;
8;August;2;Mittwoch;1;0;0;0;;;;;;
8;August;2;Mittwoch;2;0;0;0;;;;;;
8;August;2;Mittwoch;3;0;0;0;;;;;;
8;August;2;Mittwoch;4;0;0;0;;;;;;
8;August;2;Mittwoch;5;0;0;0;;;;;;
8;August;2;Mittwoch;6;0;0;0;;;;;;
8;August;2;Mittwoch;7;0;0;0;;;;;;
8;August;2;Mittwoch;8;1;0,2;0;;;;;;
8;August;2;Mittwoch;9;3;0,6;15,42366667;;;;;;
8;August;2;Mittwoch;10;7;1,4;7,983571429;;;;;;
8;August;2;Mittwoch;11;1;0,2;0;;;;;;
8;August;2;Mittwoch;12;2;0,4;45,608;;;;;;
8;August;2;Mittwoch;13;0;0;0;;;;;;
8;August;2;Mittwoch;14;0;0;0;;;;;;
8;August;2;Mittwoch;15;5;1;15,8066;;;;;;
8;August;2;Mittwoch;16;4;0,8;12,86325;;;;;;
8;August;2;Mittwoch;17;1;0,2;36,74;;;;;;
8;August;2;Mittwoch;18;6;1,2;9,063833333;;;;;;
8;August;2;Mittwoch;19;1;0,2;10,207;;;;;;
8;August;2;Mittwoch;20;1;0,2;28,331;;;;;;
8;August;2;Mittwoch;21;0;0;0;;;;;;
8;August;2;Mittwoch;22;0;0;0;;;;;;
8;August;2;Mittwoch;23;1;0,2;79,938;;;;;;
8;August;3;Donnerstag;0;0;0;0;;;;;;
8;August;3;Donnerstag;1;0;0;0;;;;;;
8;August;3;Donnerstag;2;0;0;0;;;;;;
8;August;3;Donnerstag;3;0;0;0;;;;;;
8;August;3;Donnerstag;4;0;0;0;;;;;;
8;August;3;Donnerstag;5;0;0;0;;;;;;
8;August;3;Donnerstag;6;0;0;0;;;;;;
8;August;3;Donnerstag;7;0;0;0;;;;;;
8;August;3;Donnerstag;8;0;0;0;;;;;;
8;August;3;Donnerstag;9;5;1;0;;;;;;
8;August;3;Donnerstag;10;3;0,6;9,993333333;;;;;;
8;August;3;Donnerstag;11;4;0,8;13,051;;;;;;
8;August;3;Donnerstag;12;1;0,2;35,715;;;;;;
8;August;3;Donnerstag;13;0;0;0;;;;;;
8;August;3;Donnerstag;14;0;0;0;;;;;;
8;August;3;Donnerstag;15;2;0,4;14,118;;;;;;
8;August;3;Donnerstag;16;2;0,4;0;;;;;;
8;August;3;Donnerstag;17;3;0,6;0;;;;;;
8;August;3;Donnerstag;18;2;0,4;59,686;;;;;;
8;August;3;Donnerstag;19;0;0;0;;;;;;
8;August;3;Donnerstag;20;2;0,4;0;;;;;;
8;August;3;Donnerstag;21;0;0;0;;;;;;
8;August;3;Donnerstag;22;1;0,2;16,192;;;;;;
8;August;3;Donnerstag;23;0;0;0;;;;;;
8;August;4;Freitag;0;0;0;0;;;;;;
8;August;4;Freitag;1;0;0;0;;;;;;
8;August;4;Freitag;2;0;0;0;;;;;;
8;August;4;Freitag;3;0;0;0;;;;;;
8;August;4;Freitag;4;0;0;0;;;;;;
8;August;4;Freitag;5;0;0;0;;;;;;
8;August;4;Freitag;6;1;0,2;28,96;;;;;;
8;August;4;Freitag;7;4;0,8;33,27025;;;;;;
8;August;4;Freitag;8;2;0,4;0;;;;;;
8;August;4;Freitag;9;2;0,4;0,0085;;;;;;
8;August;4;Freitag;10;4;0,8;9,45625;;;;;;
8;August;4;Freitag;11;3;0,6;6,16;;;;;;
8;August;4;Freitag;12;1;0,2;41,45;;;;;;
8;August;4;Freitag;13;2;0,4;0;;;;;;
8;August;4;Freitag;14;9;1,8;7,502;;;;;;
8;August;4;Freitag;15;2;0,4;11,6845;;;;;;
8;August;4;Freitag;16;2;0,4;43,3645;;;;;;
8;August;4;Freitag;17;1;0,2;34,356;;;;;;
8;August;4;Freitag;18;5;1;38,7596;;;;;;
8;August;4;Freitag;19;0;0;0;;;;;;
8;August;4;Freitag;20;1;0,2;38,356;;;;;;
8;August;4;Freitag;21;0;0;0;;;;;;
8;August;4;Freitag;22;2;0,4;13,066;;;;;;
8;August;4;Freitag;23;0;0;0;;;;;;
8;August;5;Samstag;0;0;0;0;;;;;;
8;August;5;Samstag;1;0;0;0;;;;;;
8;August;5;Samstag;2;0;0;0;;;;;;
8;August;5;Samstag;3;0;0;0;;;;;;
8;August;5;Samstag;4;0;0;0;;;;;;
8;August;5;Samstag;5;0;0;0;;;;;;
8;August;5;Samstag;6;0;0;0;;;;;;
8;August;5;Samstag;7;0;0;0;;;;;;
8;August;5;Samstag;8;1;0,2;34,773;;;;;;
8;August;5;Samstag;9;5;1;22,5588;;;;;;
8;August;5;Samstag;10;0;0;0;;;;;;
8;August;5;Samstag;11;2;0,4;18,8555;;;;;;
8;August;5;Samstag;12;3;0,6;45,85033333;;;;;;
8;August;5;Samstag;13;5;1;11,1918;;;;;;
8;August;5;Samstag;14;2;0,4;14,1695;;;;;;
8;August;5;Samstag;15;3;0,6;32,76066667;;;;;;
8;August;5;Samstag;16;6;1,2;11,76733333;;;;;;
8;August;5;Samstag;17;3;0,6;0;;;;;;
8;August;5;Samstag;18;1;0,2;45,773;;;;;;
8;August;5;Samstag;19;6;1,2;6,819333333;;;;;;
8;August;5;Samstag;20;0;0;0;;;;;;
8;August;5;Samstag;21;1;0,2;8,505;;;;;;
8;August;5;Samstag;22;1;0,2;27,681;;;;;;
8;August;5;Samstag;23;0;0;0;;;;;;
8;August;6;Sonntag;0;0;0;0;;;;;;
8;August;6;Sonntag;1;0;0;0;;;;;;
8;August;6;Sonntag;2;0;0;0;;;;;;
8;August;6;Sonntag;3;0;0;0;;;;;;
8;August;6;Sonntag;4;0;0;0;;;;;;
8;August;6;Sonntag;5;1;0,2;41,867;;;;;;
8;August;6;Sonntag;6;0;0;0;;;;;;
8;August;6;Sonntag;7;0;0;0;;;;;;
8;August;6;Sonntag;8;0;0;0;;;;;;
8;August;6;Sonntag;9;1;0,2;63,543;;;;;;
8;August;6;Sonntag;10;2;0,4;17,083;;;;;;
8;August;6;Sonntag;11;7;1,4;19,60328571;;;;;;
8;August;6;Sonntag;12;5;1;16,834;;;;;;
8;August;6;Sonntag;13;10;2;15,9638;;;;;;
8;August;6;Sonntag;14;4;0,8;19,81725;;;;;;
8;August;6;Sonntag;15;0;0;0;;;;;;
8;August;6;Sonntag;16;1;0,2;0;;;;;;
8;August;6;Sonntag;17;4;0,8;6,23975;;;;;;
8;August;6;Sonntag;18;1;0,2;30,005;;;;;;
8;August;6;Sonntag;19;0;0;0;;;;;;
8;August;6;Sonntag;20;0;0;0;;;;;;
8;August;6;Sonntag;21;0;0;0;;;;;;
8;August;6;Sonntag;22;0;0;0;;;;;;
8;August;6;Sonntag;23;0;0;0;;;;;;
9;September;0;Montag;0;0;0;0;;;;;;
9;September;0;Montag;1;0;0;0;;;;;;
9;September;0;Montag;2;0;0;0;;;;;;
9;September;0;Montag;3;0;0;0;;;;;;
9;September;0;Montag;4;0;0;0;;;;;;
9;September;0;Montag;5;0;0;0;;;;;;
9;September;0;Montag;6;0;0;0;;;;;;
9;September;0;Montag;7;1;0,2;45,998;;;;;;
9;September;0;Montag;8;1;0,2;41,892;;;;;;
9;September;0;Montag;9;0;0;0;;;;;;
9;September;0;Montag;10;2;0,4;25,1755;;;;;;
9;September;0;Montag;11;2;0,4;33,661;;;;;;
9;September;0;Montag;12;5;1;30,3674;;;;;;
9;September;0;Montag;13;2;0,4;29,6085;;;;;;
9;September;0;Montag;14;0;0;0;;;;;;
9;September;0;Montag;15;1;0,2;65,983;;;;;;
9;September;0;Montag;16;3;0,6;20,97;;;;;;
9;September;0;Montag;17;1;0,2;16,161;;;;;;
9;September;0;Montag;18;3;0,6;42,321;;;;;;
9;September;0;Montag;19;0;0;0;;;;;;
9;September;0;Montag;20;1;0,2;21,289;;;;;;
9;September;0;Montag;21;0;0;0;;;;;;
9;September;0;Montag;22;1;0,2;64,625;;;;;;
9;September;0;Montag;23;0;0;0;;;;;;
9;September;1;Dienstag;0;0;0;0;;;;;;
9;September;1;Dienstag;1;0;0;0;;;;;;
9;September;1;Dienstag;2;0;0;0;;;;;;
9;September;1;Dienstag;3;0;0;0;;;;;;
9;September;1;Dienstag;4;0;0;0;;;;;;
9;September;1;Dienstag;5;1;0,2;56,416;;;;;;
9;September;1;Dienstag;6;0;0;0;;;;;;
9;September;1;Dienstag;7;0;0;0;;;;;;
9;September;1;Dienstag;8;2;0,4;34,335;;;;;;
9;September;1;Dienstag;9;1;0,2;62,297;;;;;;
9;September;1;Dienstag;10;2;0,4;38,3895;;;;;;
9;September;1;Dienstag;11;4;0,8;39,06175;;;;;;
9;September;1;Dienstag;12;3;0,6;46,32233333;;;;;;
9;September;1;Dienstag;13;1;0,2;10,923;;;;;;
9;September;1;Dienstag;14;3;0,6;22,453;;;;;;
9;September;1;Dienstag;15;1;0,2;53,005;;;;;;
9;September;1;Dienstag;16;2;0,4;30,114;;;;;;
9;September;1;Dienstag;17;3;0,6;51,21233333;;;;;;
9;September;1;Dienstag;18;1;0,2;22,809;;;;;;
9;September;1;Dienstag;19;0;0;0;;;;;;
9;September;1;Dienstag;20;1;0,2;33,202;;;;;;
9;September;1;Dienstag;21;0;0;0;;;;;;
9;September;1;Dienstag;22;0;0;0;;;;;;
9;September;1;Dienstag;23;0;0;0;;;;;;
9;September;2;Mittwoch;0;0;0;0;;;;;;
9;September;2;Mittwoch;1;0;0;0;;;;;;
9;September;2;Mittwoch;2;0;0;0;;;;;;
9;September;2;Mittwoch;3;0;0;0;;;;;;
9;September;2;Mittwoch;4;0;0;0;;;;;;
9;September;2;Mittwoch;5;0;0;0;;;;;;
9;September;2;Mittwoch;6;0;0;0;;;;;;
9;September;2;Mittwoch;7;0;0;0;;;;;;
9;September;2;Mittwoch;8;2;0,4;34,944;;;;;;
9;September;2;Mittwoch;9;1;0,2;21,229;;;;;;
9;September;2;Mittwoch;10;2;0,4;26,1595;;;;;;
9;September;2;Mittwoch;11;0;0;0;;;;;;
9;September;2;Mittwoch;12;3;0,6;33,603;;;;;;
9;September;2;Mittwoch;13;3;0,6;57,66666667;;;;;;
9;September;2;Mittwoch;14;1;0,2;11,86;;;;;;
9;September;2;Mittwoch;15;2;0,4;57,0565;;;;;;
9;September;2;Mittwoch;16;2;0,4;39,4465;;;;;;
9;September;2;Mittwoch;17;1;0,2;21,089;;;;;;
9;September;2;Mittwoch;18;1;0,2;56,962;;;;;;
9;September;2;Mittwoch;19;1;0,2;42,727;;;;;;
9;September;2;Mittwoch;20;0;0;0;;;;;;
9;September;2;Mittwoch;21;0;0;0;;;;;;
9;September;2;Mittwoch;22;0;0;0;;;;;;
9;September;2;Mittwoch;23;0;0;0;;;;;;
9;September;3;Donnerstag;0;0;0;0;;;;;;
9;September;3;Donnerstag;1;0;0;0;;;;;;
9;September;3;Donnerstag;2;0;0;0;;;;;;
9;September;3;Donnerstag;3;0;0;0;;;;;;
9;September;3;Donnerstag;4;0;0;0;;;;;;
9;September;3;Donnerstag;5;0;0;0;;;;;;
9;September;3;Donnerstag;6;0;0;0;;;;;;
9;September;3;Donnerstag;7;2;0,4;16,9365;;;;;;
9;September;3;Donnerstag;8;1;0,2;38,073;;;;;;
9;September;3;Donnerstag;9;1;0,2;43,176;;;;;;
9;September;3;Donnerstag;10;1;0,2;34,73;;;;;;
9;September;3;Donnerstag;11;1;0,2;55,148;;;;;;
9;September;3;Donnerstag;12;3;0,6;46,517;;;;;;
9;September;3;Donnerstag;13;1;0,2;61,616;;;;;;
9;September;3;Donnerstag;14;0;0;0;;;;;;
9;September;3;Donnerstag;15;2;0,4;10,49;;;;;;
9;September;3;Donnerstag;16;6;1,2;17,54433333;;;;;;
9;September;3;Donnerstag;17;2;0,4;25,2805;;;;;;
9;September;3;Donnerstag;18;5;1;19,4472;;;;;;
9;September;3;Donnerstag;19;1;0,2;16,361;;;;;;
9;September;3;Donnerstag;20;0;0;0;;;;;;
9;September;3;Donnerstag;21;4;0,8;3,064;;;;;;
9;September;3;Donnerstag;22;0;0;0;;;;;;
9;September;3;Donnerstag;23;0;0;0;;;;;;
9;September;4;Freitag;0;0;0;0;;;;;;
9;September;4;Freitag;1;0;0;0;;;;;;
9;September;4;Freitag;2;0;0;0;;;;;;
9;September;4;Freitag;3;0;0;0;;;;;;
9;September;4;Freitag;4;0;0;0;;;;;;
9;September;4;Freitag;5;0;0;0;;;;;;
9;September;4;Freitag;6;0;0;0;;;;;;
9;September;4;Freitag;7;2;0,4;40,0285;;;;;;
9;September;4;Freitag;8;1;0,2;25,469;;;;;;
9;September;4;Freitag;9;6;1,2;25,9035;;;;;;
9;September;4;Freitag;10;2;0,4;42,5885;;;;;;
9;September;4;Freitag;11;1;0,2;36,642;;;;;;
9;September;4;Freitag;12;4;0,8;24,31375;;;;;;
9;September;4;Freitag;13;1;0,2;57,243;;;;;;
9;September;4;Freitag;14;2;0,4;36,7945;;;;;;
9;September;4;Freitag;15;1;0,2;35,291;;;;;;
9;September;4;Freitag;16;2;0,4;11,6945;;;;;;
9;September;4;Freitag;17;1;0,2;35,19;;;;;;
9;September;4;Freitag;18;1;0,2;21,466;;;;;;
9;September;4;Freitag;19;0;0;0;;;;;;
9;September;4;Freitag;20;0;0;0;;;;;;
9;September;4;Freitag;21;0;0;0;;;;;;
9;September;4;Freitag;22;0;0;0;;;;;;
9;September;4;Freitag;23;0;0;0;;;;;;
9;September;5;Samstag;0;0;0;0;;;;;;
9;September;5;Samstag;1;0;0;0;;;;;;
9;September;5;Samstag;2;0;0;0;;;;;;
9;September;5;Samstag;3;0;0;0;;;;;;
9;September;5;Samstag;4;0;0;0;;;;;;
9;September;5;Samstag;5;0;0;0;;;;;;
9;September;5;Samstag;6;0;0;0;;;;;;
9;September;5;Samstag;7;1;0,2;12,102;;;;;;
9;September;5;Samstag;8;2;0,4;33,6635;;;;;;
9;September;5;Samstag;9;2;0,4;33,7505;;;;;;
9;September;5;Samstag;10;1;0,2;16,675;;;;;;
9;September;5;Samstag;11;4;0,8;24,5425;;;;;;
9;September;5;Samstag;12;0;0;0;;;;;;
9;September;5;Samstag;13;2;0,4;50,9205;;;;;;
9;September;5;Samstag;14;1;0,2;17,762;;;;;;
9;September;5;Samstag;15;1;0,2;62,74;;;;;;
9;September;5;Samstag;16;0;0;0;;;;;;
9;September;5;Samstag;17;1;0,2;88,534;;;;;;
9;September;5;Samstag;18;2;0,4;40,018;;;;;;
9;September;5;Samstag;19;3;0,6;15,57433333;;;;;;
9;September;5;Samstag;20;2;0,4;10,4595;;;;;;
9;September;5;Samstag;21;1;0,2;17,328;;;;;;
9;September;5;Samstag;22;0;0;0;;;;;;
9;September;5;Samstag;23;0;0;0;;;;;;
9;September;6;Sonntag;0;0;0;0;;;;;;
9;September;6;Sonntag;1;0;0;0;;;;;;
9;September;6;Sonntag;2;0;0;0;;;;;;
9;September;6;Sonntag;3;0;0;0;;;;;;
9;September;6;Sonntag;4;0;0;0;;;;;;
9;September;6;Sonntag;5;0;0;0;;;;;;
9;September;6;Sonntag;6;0;0;0;;;;;;
9;September;6;Sonntag;7;1;0,2;46,926;;;;;;
9;September;6;Sonntag;8;1;0,2;39,04;;;;;;
9;September;6;Sonntag;9;1;0,2;26,92;;;;;;
9;September;6;Sonntag;10;1;0,2;37,176;;;;;;
9;September;6;Sonntag;11;3;0,6;49,25733333;;;;;;
9;September;6;Sonntag;12;2;0,4;25,079;;;;;;
9;September;6;Sonntag;13;2;0,4;54,971;;;;;;
9;September;6;Sonntag;14;3;0,6;39,81666667;;;;;;
9;September;6;Sonntag;15;3;0,6;30,37333333;;;;;;
9;September;6;Sonntag;16;0;0;0;;;;;;
9;September;6;Sonntag;17;1;0,2;39,315;;;;;;
9;September;6;Sonntag;18;1;0,2;66,825;;;;;;
9;September;6;Sonntag;19;0;0;0;;;;;;
9;September;6;Sonntag;20;0;0;0;;;;;;
9;September;6;Sonntag;21;0;0;0;;;;;;
9;September;6;Sonntag;22;0;0;0;;;;;;
9;September;6;Sonntag;23;0;0;0;;;;;;
10;Oktober;0;Montag;0;0;0;0;;;;;;
10;Oktober;0;Montag;1;0;0;0;;;;;;
10;Oktober;0;Montag;2;0;0;0;;;;;;
10;Oktober;0;Montag;3;0;0;0;;;;;;
10;Oktober;0;Montag;4;0;0;0;;;;;;
10;Oktober;0;Montag;5;1;0,2;70,577;;;;;;
10;Oktober;0;Montag;6;0;0;0;;;;;;
10;Oktober;0;Montag;7;0;0;0;;;;;;
10;Oktober;0;Montag;8;0;0;0;;;;;;
10;Oktober;0;Montag;9;1;0,2;17,269;;;;;;
10;Oktober;0;Montag;10;1;0,2;25,209;;;;;;
10;Oktober;0;Montag;11;1;0,2;57,569;;;;;;
10;Oktober;0;Montag;12;3;0,6;20,43566667;;;;;;
10;Oktober;0;Montag;13;3;0,6;30,35033333;;;;;;
10;Oktober;0;Montag;14;0;0;0;;;;;;
10;Oktober;0;Montag;15;1;0,2;81,961;;;;;;
10;Oktober;0;Montag;16;1;0,2;38,094;;;;;;
10;Oktober;0;Montag;17;2;0,4;23,7915;;;;;;
10;Oktober;0;Montag;18;0;0;0;;;;;;
10;Oktober;0;Montag;19;2;0,4;36,184;;;;;;
10;Oktober;0;Montag;20;0;0;0;;;;;;
10;Oktober;0;Montag;21;0;0;0;;;;;;
10;Oktober;0;Montag;22;0;0;0;;;;;;
10;Oktober;0;Montag;23;0;0;0;;;;;;
10;Oktober;1;Dienstag;0;0;0;0;;;;;;
10;Oktober;1;Dienstag;1;0;0;0;;;;;;
10;Oktober;1;Dienstag;2;0;0;0;;;;;;
10;Oktober;1;Dienstag;3;0;0;0;;;;;;
10;Oktober;1;Dienstag;4;0;0;0;;;;;;
10;Oktober;1;Dienstag;5;0;0;0;;;;;;
10;Oktober;1;Dienstag;6;0;0;0;;;;;;
10;Oktober;1;Dienstag;7;0;0;0;;;;;;
10;Oktober;1;Dienstag;8;1;0,2;54,165;;;;;;
10;Oktober;1;Dienstag;9;3;0,6;23,21466667;;;;;;
10;Oktober;1;Dienstag;10;4;0,8;39,3335;;;;;;
10;Oktober;1;Dienstag;11;0;0;0;;;;;;
10;Oktober;1;Dienstag;12;3;0,6;19,16733333;;;;;;
10;Oktober;1;Dienstag;13;0;0;0;;;;;;
10;Oktober;1;Dienstag;14;1;0,2;46,358;;;;;;
10;Oktober;1;Dienstag;15;2;0,4;52,123;;;;;;
10;Oktober;1;Dienstag;16;1;0,2;15,034;;;;;;
10;Oktober;1;Dienstag;17;4;0,8;29,67025;;;;;;
10;Oktober;1;Dienstag;18;2;0,4;0;;;;;;
10;Oktober;1;Dienstag;19;4;0,8;27,99275;;;;;;
10;Oktober;1;Dienstag;20;0;0;0;;;;;;
10;Oktober;1;Dienstag;21;0;0;0;;;;;;
10;Oktober;1;Dienstag;22;0;0;0;;;;;;
10;Oktober;1;Dienstag;23;1;0,2;12,783;;;;;;
10;Oktober;2;Mittwoch;0;0;0;0;;;;;;
10;Oktober;2;Mittwoch;1;0;0;0;;;;;;
10;Oktober;2;Mittwoch;2;0;0;0;;;;;;
10;Oktober;2;Mittwoch;3;0;0;0;;;;;;
10;Oktober;2;Mittwoch;4;1;0,2;4,855;;;;;;
10;Oktober;2;Mittwoch;5;0;0;0;;;;;;
10;Oktober;2;Mittwoch;6;0;0;0;;;;;;
10;Oktober;2;Mittwoch;7;1;0,2;7,233;;;;;;
10;Oktober;2;Mittwoch;8;1;0,2;2,903;;;;;;
10;Oktober;2;Mittwoch;9;2;0,4;29,6935;;;;;;
10;Oktober;2;Mittwoch;10;3;0,6;27,67666667;;;;;;
10;Oktober;2;Mittwoch;11;0;0;0;;;;;;
10;Oktober;2;Mittwoch;12;1;0,2;42,142;;;;;;
10;Oktober;2;Mittwoch;13;2;0,4;24,418;;;;;;
10;Oktober;2;Mittwoch;14;4;0,8;21,596;;;;;;
10;Oktober;2;Mittwoch;15;3;0,6;9,354333333;;;;;;
10;Oktober;2;Mittwoch;16;4;0,8;43,379;;;;;;
10;Oktober;2;Mittwoch;17;0;0;0;;;;;;
10;Oktober;2;Mittwoch;18;1;0,2;16,284;;;;;;
10;Oktober;2;Mittwoch;19;5;1;20,7202;;;;;;
10;Oktober;2;Mittwoch;20;0;0;0;;;;;;
10;Oktober;2;Mittwoch;21;0;0;0;;;;;;
10;Oktober;2;Mittwoch;22;0;0;0;;;;;;
10;Oktober;2;Mittwoch;23;0;0;0;;;;;;
10;Oktober;3;Donnerstag;0;0;0;0;;;;;;
10;Oktober;3;Donnerstag;1;0;0;0;;;;;;
10;Oktober;3;Donnerstag;2;0;0;0;;;;;;
10;Oktober;3;Donnerstag;3;0;0;0;;;;;;
10;Oktober;3;Donnerstag;4;0;0;0;;;;;;
10;Oktober;3;Donnerstag;5;0;0;0;;;;;;
10;Oktober;3;Donnerstag;6;0;0;0;;;;;;
10;Oktober;3;Donnerstag;7;3;0,6;61,05433333;;;;;;
10;Oktober;3;Donnerstag;8;1;0,2;13,274;;;;;;
10;Oktober;3;Donnerstag;9;0;0;0;;;;;;
10;Oktober;3;Donnerstag;10;2;0,4;25,532;;;;;;
10;Oktober;3;Donnerstag;11;0;0;0;;;;;;
10;Oktober;3;Donnerstag;12;1;0,2;13,772;;;;;;
10;Oktober;3;Donnerstag;13;1;0,2;22,231;;;;;;
10;Oktober;3;Donnerstag;14;4;0,8;51,1255;;;;;;
10;Oktober;3;Donnerstag;15;2;0,4;24,95;;;;;;
10;Oktober;3;Donnerstag;16;3;0,6;41,32333333;;;;;;
10;Oktober;3;Donnerstag;17;2;0,4;16,5275;;;;;;
10;Oktober;3;Donnerstag;18;2;0,4;15,391;;;;;;
10;Oktober;3;Donnerstag;19;0;0;0;;;;;;
10;Oktober;3;Donnerstag;20;1;0,2;50,383;;;;;;
10;Oktober;3;Donnerstag;21;2;0,4;30,483;;;;;;
10;Oktober;3;Donnerstag;22;1;0,2;58,095;;;;;;
10;Oktober;3;Donnerstag;23;0;0;0;;;;;;
10;Oktober;4;Freitag;0;0;0;0;;;;;;
10;Oktober;4;Freitag;1;0;0;0;;;;;;
10;Oktober;4;Freitag;2;0;0;0;;;;;;
10;Oktober;4;Freitag;3;0;0;0;;;;;;
10;Oktober;4;Freitag;4;3;0,6;2,648333333;;;;;;
10;Oktober;4;Freitag;5;1;0,2;21,957;;;;;;
10;Oktober;4;Freitag;6;0;0;0;;;;;;
10;Oktober;4;Freitag;7;0;0;0;;;;;;
10;Oktober;4;Freitag;8;0;0;0;;;;;;
10;Oktober;4;Freitag;9;6;1,2;11,2865;;;;;;
10;Oktober;4;Freitag;10;0;0;0;;;;;;
10;Oktober;4;Freitag;11;1;0,2;17,184;;;;;;
10;Oktober;4;Freitag;12;1;0,2;56,666;;;;;;
10;Oktober;4;Freitag;13;0;0;0;;;;;;
10;Oktober;4;Freitag;14;3;0,6;14,89233333;;;;;;
10;Oktober;4;Freitag;15;2;0,4;37,2935;;;;;;
10;Oktober;4;Freitag;16;5;1;19,697;;;;;;
10;Oktober;4;Freitag;17;5;1;38,1532;;;;;;
10;Oktober;4;Freitag;18;1;0,2;29,753;;;;;;
10;Oktober;4;Freitag;19;1;0,2;54,534;;;;;;
10;Oktober;4;Freitag;20;0;0;0;;;;;;
10;Oktober;4;Freitag;21;0;0;0;;;;;;
10;Oktober;4;Freitag;22;0;0;0;;;;;;
10;Oktober;4;Freitag;23;0;0;0;;;;;;
10;Oktober;5;Samstag;0;0;0;0;;;;;;
10;Oktober;5;Samstag;1;0;0;0;;;;;;
10;Oktober;5;Samstag;2;0;0;0;;;;;;
10;Oktober;5;Samstag;3;0;0;0;;;;;;
10;Oktober;5;Samstag;4;0;0;0;;;;;;
10;Oktober;5;Samstag;5;0;0;0;;;;;;
10;Oktober;5;Samstag;6;0;0;0;;;;;;
10;Oktober;5;Samstag;7;0;0;0;;;;;;
10;Oktober;5;Samstag;8;0;0;0;;;;;;
10;Oktober;5;Samstag;9;2;0,4;22,111;;;;;;
10;Oktober;5;Samstag;10;1;0,2;24,006;;;;;;
10;Oktober;5;Samstag;11;1;0,2;18,628;;;;;;
10;Oktober;5;Samstag;12;2;0,4;32,9485;;;;;;
10;Oktober;5;Samstag;13;4;0,8;28,26225;;;;;;
10;Oktober;5;Samstag;14;2;0,4;21,913;;;;;;
10;Oktober;5;Samstag;15;1;0,2;8,95;;;;;;
10;Oktober;5;Samstag;16;4;0,8;31,81825;;;;;;
10;Oktober;5;Samstag;17;1;0,2;47,091;;;;;;
10;Oktober;5;Samstag;18;0;0;0;;;;;;
10;Oktober;5;Samstag;19;1;0,2;9,393;;;;;;
10;Oktober;5;Samstag;20;2;0,4;26,9225;;;;;;
10;Oktober;5;Samstag;21;0;0;0;;;;;;
10;Oktober;5;Samstag;22;0;0;0;;;;;;
10;Oktober;5;Samstag;23;0;0;0;;;;;;
10;Oktober;6;Sonntag;0;1;0,2;40,98;;;;;;
10;Oktober;6;Sonntag;1;0;0;0;;;;;;
10;Oktober;6;Sonntag;2;0;0;0;;;;;;
10;Oktober;6;Sonntag;3;0;0;0;;;;;;
10;Oktober;6;Sonntag;4;0;0;0;;;;;;
10;Oktober;6;Sonntag;5;0;0;0;;;;;;
10;Oktober;6;Sonntag;6;1;0,2;41,538;;;;;;
10;Oktober;6;Sonntag;7;0;0;0;;;;;;
10;Oktober;6;Sonntag;8;1;0,2;55,914;;;;;;
10;Oktober;6;Sonntag;9;2;0,4;45,9275;;;;;;
10;Oktober;6;Sonntag;10;2;0,4;47,12;;;;;;
10;Oktober;6;Sonntag;11;2;0,4;53,1015;;;;;;
10;Oktober;6;Sonntag;12;3;0,6;38,674;;;;;;
10;Oktober;6;Sonntag;13;1;0,2;7,655;;;;;;
10;Oktober;6;Sonntag;14;5;1;17,4882;;;;;;
10;Oktober;6;Sonntag;15;4;0,8;15,95825;;;;;;
10;Oktober;6;Sonntag;16;2;0,4;52,957;;;;;;
10;Oktober;6;Sonntag;17;1;0,2;29,9;;;;;;
10;Oktober;6;Sonntag;18;0;0;0;;;;;;
10;Oktober;6;Sonntag;19;2;0,4;35,525;;;;;;
10;Oktober;6;Sonntag;20;1;0,2;36,57;;;;;;
10;Oktober;6;Sonntag;21;0;0;0;;;;;;
10;Oktober;6;Sonntag;22;0;0;0;;;;;;
10;Oktober;6;Sonntag;23;0;0;0;;;;;;
11;November;0;Montag;0;0;0;0;;;;;;
11;November;0;Montag;1;0;0;0;;;;;;
11;November;0;Montag;2;0;0;0;;;;;;
11;November;0;Montag;3;0;0;0;;;;;;
11;November;0;Montag;4;0;0;0;;;;;;
11;November;0;Montag;5;0;0;0;;;;;;
11;November;0;Montag;6;0;0;0;;;;;;
11;November;0;Montag;7;0;0;0;;;;;;
11;November;0;Montag;8;2;0,4;37,397;;;;;;
11;November;0;Montag;9;2;0,4;38,1465;;;;;;
11;November;0;Montag;10;0;0;0;;;;;;
11;November;0;Montag;11;0;0;0;;;;;;
11;November;0;Montag;12;2;0,4;9,788;;;;;;
11;November;0;Montag;13;3;0,6;19,67133333;;;;;;
11;November;0;Montag;14;1;0,2;26,43;;;;;;
11;November;0;Montag;15;3;0,6;21,57933333;;;;;;
11;November;0;Montag;16;2;0,4;18,098;;;;;;
11;November;0;Montag;17;0;0;0;;;;;;
11;November;0;Montag;18;3;0,6;33,01466667;;;;;;
11;November;0;Montag;19;2;0,4;35,1825;;;;;;
11;November;0;Montag;20;0;0;0;;;;;;
11;November;0;Montag;21;0;0;0;;;;;;
11;November;0;Montag;22;0;0;0;;;;;;
11;November;0;Montag;23;0;0;0;;;;;;
11;November;1;Dienstag;0;0;0;0;;;;;;
11;November;1;Dienstag;1;0;0;0;;;;;;
11;November;1;Dienstag;2;0;0;0;;;;;;
11;November;1;Dienstag;3;0;0;0;;;;;;
11;November;1;Dienstag;4;0;0;0;;;;;;
11;November;1;Dienstag;5;0;0;0;;;;;;
11;November;1;Dienstag;6;0;0;0;;;;;;
11;November;1;Dienstag;7;0;0;0;;;;;;
11;November;1;Dienstag;8;0;0;0;;;;;;
11;November;1;Dienstag;9;2;0,4;23,359;;;;;;
11;November;1;Dienstag;10;0;0;0;;;;;;
11;November;1;Dienstag;11;2;0,4;23,95;;;;;;
11;November;1;Dienstag;12;4;0,8;20,99775;;;;;;
11;November;1;Dienstag;13;3;0,6;18,49333333;;;;;;
11;November;1;Dienstag;14;0;0;0;;;;;;
11;November;1;Dienstag;15;0;0;0;;;;;;
11;November;1;Dienstag;16;1;0,2;38,356;;;;;;
11;November;1;Dienstag;17;3;0,6;46,12866667;;;;;;
11;November;1;Dienstag;18;3;0,6;35,928;;;;;;
11;November;1;Dienstag;19;4;0,8;18,234;;;;;;
11;November;1;Dienstag;20;1;0,2;33,606;;;;;;
11;November;1;Dienstag;21;0;0;0;;;;;;
11;November;1;Dienstag;22;0;0;0;;;;;;
11;November;1;Dienstag;23;0;0;0;;;;;;
11;November;2;Mittwoch;0;0;0;0;;;;;;
11;November;2;Mittwoch;1;0;0;0;;;;;;
11;November;2;Mittwoch;2;0;0;0;;;;;;
11;November;2;Mittwoch;3;0;0;0;;;;;;
11;November;2;Mittwoch;4;0;0;0;;;;;;
11;November;2;Mittwoch;5;0;0;0;;;;;;
11;November;2;Mittwoch;6;0;0;0;;;;;;
11;November;2;Mittwoch;7;2;0,4;40,394;;;;;;
11;November;2;Mittwoch;8;1;0,2;11,818;;;;;;
11;November;2;Mittwoch;9;1;0,2;64,803;;;;;;
11;November;2;Mittwoch;10;0;0;0;;;;;;
11;November;2;Mittwoch;11;2;0,4;25,197;;;;;;
11;November;2;Mittwoch;12;3;0,6;38,75233333;;;;;;
11;November;2;Mittwoch;13;2;0,4;29,368;;;;;;
11;November;2;Mittwoch;14;3;0,6;26,85766667;;;;;;
11;November;2;Mittwoch;15;1;0,2;15,856;;;;;;
11;November;2;Mittwoch;16;1;0,2;36,183;;;;;;
11;November;2;Mittwoch;17;1;0,2;10,325;;;;;;
11;November;2;Mittwoch;18;2;0,4;35,9255;;;;;;
11;November;2;Mittwoch;19;2;0,4;47,727;;;;;;
11;November;2;Mittwoch;20;1;0,2;5,325;;;;;;
11;November;2;Mittwoch;21;0;0;0;;;;;;
11;November;2;Mittwoch;22;0;0;0;;;;;;
11;November;2;Mittwoch;23;0;0;0;;;;;;
11;November;3;Donnerstag;0;0;0;0;;;;;;
11;November;3;Donnerstag;1;0;0;0;;;;;;
11;November;3;Donnerstag;2;0;0;0;;;;;;
11;November;3;Donnerstag;3;0;0;0;;;;;;
11;November;3;Donnerstag;4;0;0;0;;;;;;
11;November;3;Donnerstag;5;1;0,2;49,232;;;;;;
11;November;3;Donnerstag;6;0;0;0;;;;;;
11;November;3;Donnerstag;7;1;0,2;27,186;;;;;;
11;November;3;Donnerstag;8;1;0,2;27,662;;;;;;
11;November;3;Donnerstag;9;2;0,4;28,4075;;;;;;
11;November;3;Donnerstag;10;1;0,2;7,387;;;;;;
11;November;3;Donnerstag;11;2;0,4;42,8185;;;;;;
11;November;3;Donnerstag;12;1;0,2;26,982;;;;;;
11;November;3;Donnerstag;13;5;1;20,5428;;;;;;
11;November;3;Donnerstag;14;3;0,6;40,632;;;;;;
11;November;3;Donnerstag;15;0;0;0;;;;;;
11;November;3;Donnerstag;16;4;0,8;16,6195;;;;;;
11;November;3;Donnerstag;17;1;0,2;18,69;;;;;;
11;November;3;Donnerstag;18;0;0;0;;;;;;
11;November;3;Donnerstag;19;1;0,2;80,679;;;;;;
11;November;3;Donnerstag;20;2;0,4;29,2905;;;;;;
11;November;3;Donnerstag;21;0;0;0;;;;;;
11;November;3;Donnerstag;22;0;0;0;;;;;;
11;November;3;Donnerstag;23;0;0;0;;;;;;
11;November;4;Freitag;0;0;0;0;;;;;;
11;November;4;Freitag;1;0;0;0;;;;;;
11;November;4;Freitag;2;0;0;0;;;;;;
11;November;4;Freitag;3;0;0;0;;;;;;
11;November;4;Freitag;4;0;0;0;;;;;;
11;November;4;Freitag;5;0;0;0;;;;;;
11;November;4;Freitag;6;1;0,2;48,785;;;;;;
11;November;4;Freitag;7;1;0,2;8,498;;;;;;
11;November;4;Freitag;8;0;0;0;;;;;;
11;November;4;Freitag;9;0;0;0;;;;;;
11;November;4;Freitag;10;3;0,6;44,64033333;;;;;;
11;November;4;Freitag;11;2;0,4;40,8715;;;;;;
11;November;4;Freitag;12;1;0,2;29,996;;;;;;
11;November;4;Freitag;13;2;0,4;61,7245;;;;;;
11;November;4;Freitag;14;4;0,8;31,189;;;;;;
11;November;4;Freitag;15;0;0;0;;;;;;
11;November;4;Freitag;16;3;0,6;11,85733333;;;;;;
11;November;4;Freitag;17;1;0,2;45,844;;;;;;
11;November;4;Freitag;18;2;0,4;27,895;;;;;;
11;November;4;Freitag;19;1;0,2;14,615;;;;;;
11;November;4;Freitag;20;1;0,2;52,978;;;;;;
11;November;4;Freitag;21;0;0;0;;;;;;
11;November;4;Freitag;22;1;0,2;9,256;;;;;;
11;November;4;Freitag;23;0;0;0;;;;;;
11;November;5;Samstag;0;0;0;0;;;;;;
11;November;5;Samstag;1;0;0;0;;;;;;
11;November;5;Samstag;2;0;0;0;;;;;;
11;November;5;Samstag;3;0;0;0;;;;;;
11;November;5;Samstag;4;0;0;0;;;;;;
11;November;5;Samstag;5;0;0;0;;;;;;
11;November;5;Samstag;6;0;0;0;;;;;;
11;November;5;Samstag;7;0;0;0;;;;;;
11;November;5;Samstag;8;0;0;0;;;;;;
11;November;5;Samstag;9;3;0,6;27,88133333;;;;;;
11;November;5;Samstag;10;4;0,8;38,702;;;;;;
11;November;5;Samstag;11;3;0,6;11,49033333;;;;;;
11;November;5;Samstag;12;2;0,4;39,311;;;;;;
11;November;5;Samstag;13;5;1;20,6732;;;;;;
11;November;5;Samstag;14;2;0,4;38,56;;;;;;
11;November;5;Samstag;15;6;1,2;25,73283333;;;;;;
11;November;5;Samstag;16;5;1;18,7312;;;;;;
11;November;5;Samstag;17;4;0,8;35,5975;;;;;;
11;November;5;Samstag;18;0;0;0;;;;;;
11;November;5;Samstag;19;2;0,4;22,5975;;;;;;
11;November;5;Samstag;20;0;0;0;;;;;;
11;November;5;Samstag;21;1;0,2;50,009;;;;;;
11;November;5;Samstag;22;0;0;0;;;;;;
11;November;5;Samstag;23;0;0;0;;;;;;
11;November;6;Sonntag;0;0;0;0;;;;;;
11;November;6;Sonntag;1;1;0,2;39,249;;;;;;
11;November;6;Sonntag;2;0;0;0;;;;;;
11;November;6;Sonntag;3;0;0;0;;;;;;
11;November;6;Sonntag;4;0;0;0;;;;;;
11;November;6;Sonntag;5;0;0;0;;;;;;
11;November;6;Sonntag;6;0;0;0;;;;;;
11;November;6;Sonntag;7;0;0;0;;;;;;
11;November;6;Sonntag;8;0;0;0;;;;;;
11;November;6;Sonntag;9;0;0;0;;;;;;
11;November;6;Sonntag;10;4;0,8;36,66125;;;;;;
11;November;6;Sonntag;11;3;0,6;28,128;;;;;;
11;November;6;Sonntag;12;2;0,4;17,315;;;;;;
11;November;6;Sonntag;13;3;0,6;48,61233333;;;;;;
11;November;6;Sonntag;14;6;1,2;26,94566667;;;;;;
11;November;6;Sonntag;15;4;0,8;43,7;;;;;;
11;November;6;Sonntag;16;3;0,6;45,573;;;;;;
11;November;6;Sonntag;17;5;1;12,718;;;;;;
11;November;6;Sonntag;18;3;0,6;41,48966667;;;;;;
11;November;6;Sonntag;19;0;0;0;;;;;;
11;November;6;Sonntag;20;3;0,6;20,94733333;;;;;;
11;November;6;Sonntag;21;1;0,2;7,921;;;;;;
11;November;6;Sonntag;22;1;0,2;86,424;;;;;;
11;November;6;Sonntag;23;0;0;0;;;;;;
12;Dezember;0;Montag;0;0;0;0;;;;;;
12;Dezember;0;Montag;1;0;0;0;;;;;;
12;Dezember;0;Montag;2;0;0;0;;;;;;
12;Dezember;0;Montag;3;0;0;0;;;;;;
12;Dezember;0;Montag;4;0;0;0;;;;;;
12;Dezember;0;Montag;5;0;0;0;;;;;;
12;Dezember;0;Montag;6;0;0;0;;;;;;
12;Dezember;0;Montag;7;3;0,6;35,40566667;;;;;;
12;Dezember;0;Montag;8;2;0,4;39,873;;;;;;
12;Dezember;0;Montag;9;1;0,2;4,868;;;;;;
12;Dezember;0;Montag;10;2;0,4;17,1375;;;;;;
12;Dezember;0;Montag;11;5;1;44,6898;;;;;;
12;Dezember;0;Montag;12;2;0,4;22,0095;;;;;;
12;Dezember;0;Montag;13;7;1,4;17,195;;;;;;
12;Dezember;0;Montag;14;2;0,4;11,93;;;;;;
12;Dezember;0;Montag;15;6;1,2;25,65166667;;;;;;
12;Dezember;0;Montag;16;3;0,6;21,89166667;;;;;;
12;Dezember;0;Montag;17;1;0,2;22,541;;;;;;
12;Dezember;0;Montag;18;2;0,4;28,6885;;;;;;
12;Dezember;0;Montag;19;2;0,4;12,376;;;;;;
12;Dezember;0;Montag;20;1;0,2;36,125;;;;;;
12;Dezember;0;Montag;21;0;0;0;;;;;;
12;Dezember;0;Montag;22;0;0;0;;;;;;
12;Dezember;0;Montag;23;0;0;0;;;;;;
12;Dezember;1;Dienstag;0;0;0;0;;;;;;
12;Dezember;1;Dienstag;1;0;0;0;;;;;;
12;Dezember;1;Dienstag;2;0;0;0;;;;;;
12;Dezember;1;Dienstag;3;0;0;0;;;;;;
12;Dezember;1;Dienstag;4;0;0;0;;;;;;
12;Dezember;1;Dienstag;5;0;0;0;;;;;;
12;Dezember;1;Dienstag;6;0;0;0;;;;;;
12;Dezember;1;Dienstag;7;1;0,2;40,837;;;;;;
12;Dezember;1;Dienstag;8;0;0;0;;;;;;
12;Dezember;1;Dienstag;9;3;0,6;46,20866667;;;;;;
12;Dezember;1;Dienstag;10;2;0,4;29,0245;;;;;;
12;Dezember;1;Dienstag;11;7;1,4;26,11171429;;;;;;
12;Dezember;1;Dienstag;12;1;0,2;52,052;;;;;;
12;Dezember;1;Dienstag;13;5;1;31,463;;;;;;
12;Dezember;1;Dienstag;14;3;0,6;24,96966667;;;;;;
12;Dezember;1;Dienstag;15;4;0,8;23,66225;;;;;;
12;Dezember;1;Dienstag;16;6;1,2;19,55716667;;;;;;
12;Dezember;1;Dienstag;17;4;0,8;38,70275;;;;;;
12;Dezember;1;Dienstag;18;3;0,6;25,11966667;;;;;;
12;Dezember;1;Dienstag;19;2;0,4;32,61;;;;;;
12;Dezember;1;Dienstag;20;1;0,2;62,653;;;;;;
12;Dezember;1;Dienstag;21;1;0,2;29,34;;;;;;
12;Dezember;1;Dienstag;22;0;0;0;;;;;;
12;Dezember;1;Dienstag;23;0;0;0;;;;;;
12;Dezember;2;Mittwoch;0;0;0;0;;;;;;
12;Dezember;2;Mittwoch;1;0;0;0;;;;;;
12;Dezember;2;Mittwoch;2;0;0;0;;;;;;
12;Dezember;2;Mittwoch;3;0;0;0;;;;;;
12;Dezember;2;Mittwoch;4;0;0;0;;;;;;
12;Dezember;2;Mittwoch;5;0;0;0;;;;;;
12;Dezember;2;Mittwoch;6;0;0;0;;;;;;
12;Dezember;2;Mittwoch;7;0;0;0;;;;;;
12;Dezember;2;Mittwoch;8;0;0;0;;;;;;
12;Dezember;2;Mittwoch;9;2;0,4;29,37;;;;;;
12;Dezember;2;Mittwoch;10;2;0,4;31,5475;;;;;;
12;Dezember;2;Mittwoch;11;4;0,8;20,77925;;;;;;
12;Dezember;2;Mittwoch;12;4;0,8;32,87025;;;;;;
12;Dezember;2;Mittwoch;13;1;0,2;58,984;;;;;;
12;Dezember;2;Mittwoch;14;5;1;19,8838;;;;;;
12;Dezember;2;Mittwoch;15;4;0,8;20,383;;;;;;
12;Dezember;2;Mittwoch;16;4;0,8;30,7445;;;;;;
12;Dezember;2;Mittwoch;17;3;0,6;17,13866667;;;;;;
12;Dezember;2;Mittwoch;18;1;0,2;30,955;;;;;;
12;Dezember;2;Mittwoch;19;1;0,2;38,332;;;;;;
12;Dezember;2;Mittwoch;20;0;0;0;;;;;;
12;Dezember;2;Mittwoch;21;1;0,2;34,65;;;;;;
12;Dezember;2;Mittwoch;22;0;0;0;;;;;;
12;Dezember;2;Mittwoch;23;0;0;0;;;;;;
12;Dezember;3;Donnerstag;0;0;0;0;;;;;;
12;Dezember;3;Donnerstag;1;0;0;0;;;;;;
12;Dezember;3;Donnerstag;2;0;0;0;;;;;;
12;Dezember;3;Donnerstag;3;0;0;0;;;;;;
12;Dezember;3;Donnerstag;4;0;0;0;;;;;;
12;Dezember;3;Donnerstag;5;0;0;0;;;;;;
12;Dezember;3;Donnerstag;6;0;0;0;;;;;;
12;Dezember;3;Donnerstag;7;0;0;0;;;;;;
12;Dezember;3;Donnerstag;8;0;0;0;;;;;;
12;Dezember;3;Donnerstag;9;2;0,4;15,832;;;;;;
12;Dezember;3;Donnerstag;10;0;0;0;;;;;;
12;Dezember;3;Donnerstag;11;3;0,6;43,91966667;;;;;;
12;Dezember;3;Donnerstag;12;0;0;0;;;;;;
12;Dezember;3;Donnerstag;13;2;0,4;11,582;;;;;;
12;Dezember;3;Donnerstag;14;2;0,4;28,489;;;;;;
12;Dezember;3;Donnerstag;15;1;0,2;13,34;;;;;;
12;Dezember;3;Donnerstag;16;5;1;27,5024;;;;;;
12;Dezember;3;Donnerstag;17;4;0,8;32,38;;;;;;
12;Dezember;3;Donnerstag;18;9;1,8;21,98877778;;;;;;
12;Dezember;3;Donnerstag;19;5;1;36,2976;;;;;;
12;Dezember;3;Donnerstag;20;0;0;0;;;;;;
12;Dezember;3;Donnerstag;21;0;0;0;;;;;;
12;Dezember;3;Donnerstag;22;1;0,2;35,07;;;;;;
12;Dezember;3;Donnerstag;23;0;0;0;;;;;;
12;Dezember;4;Freitag;0;0;0;0;;;;;;
12;Dezember;4;Freitag;1;0;0;0;;;;;;
12;Dezember;4;Freitag;2;0;0;0;;;;;;
12;Dezember;4;Freitag;3;0;0;0;;;;;;
12;Dezember;4;Freitag;4;0;0;0;;;;;;
12;Dezember;4;Freitag;5;0;0;0;;;;;;
12;Dezember;4;Freitag;6;0;0;0;;;;;;
12;Dezember;4;Freitag;7;1;0,2;35,078;;;;;;
12;Dezember;4;Freitag;8;1;0,2;25,447;;;;;;
12;Dezember;4;Freitag;9;1;0,2;13,129;;;;;;
12;Dezember;4;Freitag;10;6;1,2;6,273666667;;;;;;
12;Dezember;4;Freitag;11;3;0,6;20,08266667;;;;;;
12;Dezember;4;Freitag;12;4;0,8;36,74325;;;;;;
12;Dezember;4;Freitag;13;2;0,4;20,244;;;;;;
12;Dezember;4;Freitag;14;2;0,4;29,4475;;;;;;
12;Dezember;4;Freitag;15;4;0,8;32,342;;;;;;
12;Dezember;4;Freitag;16;2;0,4;25,8015;;;;;;
12;Dezember;4;Freitag;17;4;0,8;27,50725;;;;;;
12;Dezember;4;Freitag;18;2;0,4;48,1665;;;;;;
12;Dezember;4;Freitag;19;0;0;0;;;;;;
12;Dezember;4;Freitag;20;0;0;0;;;;;;
12;Dezember;4;Freitag;21;0;0;0;;;;;;
12;Dezember;4;Freitag;22;0;0;0;;;;;;
12;Dezember;4;Freitag;23;1;0,2;25,936;;;;;;
12;Dezember;5;Samstag;0;0;0;0;;;;;;
12;Dezember;5;Samstag;1;0;0;0;;;;;;
12;Dezember;5;Samstag;2;0;0;0;;;;;;
12;Dezember;5;Samstag;3;0;0;0;;;;;;
12;Dezember;5;Samstag;4;0;0;0;;;;;;
12;Dezember;5;Samstag;5;0;0;0;;;;;;
12;Dezember;5;Samstag;6;0;0;0;;;;;;
12;Dezember;5;Samstag;7;0;0;0;;;;;;
12;Dezember;5;Samstag;8;0;0;0;;;;;;
12;Dezember;5;Samstag;9;2;0,4;17,164;;;;;;
12;Dezember;5;Samstag;10;3;0,6;15,66466667;;;;;;
12;Dezember;5;Samstag;11;4;0,8;30,96225;;;;;;
12;Dezember;5;Samstag;12;5;1;28,2264;;;;;;
12;Dezember;5;Samstag;13;2;0,4;28,999;;;;;;
12;Dezember;5;Samstag;14;3;0,6;14,393;;;;;;
12;Dezember;5;Samstag;15;3;0,6;15,24633333;;;;;;
12;Dezember;5;Samstag;16;6;1,2;18,8645;;;;;;
12;Dezember;5;Samstag;17;1;0,2;27,693;;;;;;
12;Dezember;5;Samstag;18;2;0,4;18,374;;;;;;
12;Dezember;5;Samstag;19;0;0;0;;;;;;
12;Dezember;5;Samstag;20;0;0;0;;;;;;
12;Dezember;5;Samstag;21;0;0;0;;;;;;
12;Dezember;5;Samstag;22;4;0,8;12,5555;;;;;;
12;Dezember;5;Samstag;23;0;0;0;;;;;;
12;Dezember;6;Sonntag;0;0;0;0;;;;;;
12;Dezember;6;Sonntag;1;0;0;0;;;;;;
12;Dezember;6;Sonntag;2;0;0;0;;;;;;
12;Dezember;6;Sonntag;3;1;0,2;23,09;;;;;;
12;Dezember;6;Sonntag;4;0;0;0;;;;;;
12;Dezember;6;Sonntag;5;0;0;0;;;;;;
12;Dezember;6;Sonntag;6;0;0;0;;;;;;
12;Dezember;6;Sonntag;7;0;0;0;;;;;;
12;Dezember;6;Sonntag;8;1;0,2;35,949;;;;;;
12;Dezember;6;Sonntag;9;3;0,6;13,18233333;;;;;;
12;Dezember;6;Sonntag;10;2;0,4;13,317;;;;;;
12;Dezember;6;Sonntag;11;0;0;0;;;;;;
12;Dezember;6;Sonntag;12;3;0,6;0;;;;;;
12;Dezember;6;Sonntag;13;9;1,8;15,36533333;;;;;;
12;Dezember;6;Sonntag;14;2;0,4;31,088;;;;;;
12;Dezember;6;Sonntag;15;4;0,8;22,80125;;;;;;
12;Dezember;6;Sonntag;16;2;0,4;30,713;;;;;;
12;Dezember;6;Sonntag;17;1;0,2;21,483;;;;;;
12;Dezember;6;Sonntag;18;1;0,2;15,227;;;;;;
12;Dezember;6;Sonntag;19;3;0,6;27,83933333;;;;;;
12;Dezember;6;Sonntag;20;0;0;0;;;;;;
12;Dezember;6;Sonntag;21;0;0;0;;;;;;
12;Dezember;6;Sonntag;22;0;0;0;;;;;;
12;Dezember;6;Sonntag;23;0;0;0;;;;;;
